181;-72
182;-71
183;-74
184;-79
185;-76
186;-72
187;-70
188;-74
189;-80
190;-78
191;-75
192;-73
193;-73
194;-76
195;-79
196;-75
197;-74
198;-74
199;-73
200;-71
201;-69
202;-73
203;-72
204;-74
205;-77
206;-81
207;-73
208;-72
209;-71
210;-72
211;-72
212;-73
213;-72
214;-72
215;-72
216;-76
217;-75
218;-73
219;-72
220;-72
221;-71
222;-73
223;-74
224;-75
225;-75
226;-75
227;-75
228;-75
229;-76
230;-74
231;-75
232;-78
233;-82
234;-88
235;-92
236;-88
237;-86
238;-81
239;-84
240;-95
241;-98
242;-87
243;-82
244;-77
245;-87
246;-89
247;-84
248;-81
249;-82
250;-84
251;-85
252;-90
253;-96
254;-97
255;-88
256;-84
257;-81
258;-80
259;-78
260;-77
261;-74
262;-72
263;-73
264;-76
265;-74
266;-76
267;-78
268;-73
269;-74
270;-70
271;-71
272;-72
273;-71
274;-72
275;-72
276;-72
277;-71
278;-72
279;-72
280;-73
281;-74
282;-74
283;-73
284;-73
285;-75
286;-75
287;-74
288;-74
289;-77
290;-75
291;-74
292;-76
293;-72
294;-75
295;-75
296;-74
297;-73
298;-72
299;-74
300;-76
301;-75
302;-74
303;-73
304;-74
305;-76
306;-75
307;-74
308;-73
309;-71
310;-71
311;-72
312;-74
313;-73
314;-72
315;-71
316;-71
317;-72
318;-72
319;-72
320;-72
321;-72
322;-72
323;-72
324;-73
325;-73
326;-73
327;-73
328;-73
329;-73
330;-74
331;-74
332;-74
333;-74
334;-73
335;-73
336;-72
337;-72
338;-72
339;-72
340;-72
341;-72
342;-72
343;-73
344;-73
345;-73
346;-73
347;-74
348;-74
349;-74
350;-74
351;-74
352;-73
353;-74
354;-73
355;-74
356;-73
357;-73
358;-73
359;-73
360;-73
361;-74
362;-74
363;-73
364;-74
365;-74
366;-74
367;-74
368;-74
369;-74
370;-74
371;-75
372;-74
373;-75
374;-75
375;-75
376;-75
377;-75
378;-75
379;-75
380;-75
381;-75
382;-75
383;-75
384;-75
385;-75
386;-75
387;-75
388;-75
389;-75
390;-75
391;-75
392;-75
393;-76
394;-76
395;-76
396;-76
397;-76
398;-76
399;-75
400;-75
401;-75
402;-76
403;-77
404;-77
405;-78
406;-78
407;-77
408;-77
409;-77
410;-77
411;-77
412;-77
413;-77
414;-77
415;-77
416;-77
417;-77
418;-78
419;-78
420;-78
421;-78
422;-78
423;-75
424;-74
425;-74
426;-74
427;-79
428;-76
429;-74
430;-74
431;-72
432;-73
433;-72
434;-73
435;-72
436;-75
437;-74
438;-73
439;-75
440;-72
441;-73
442;-75
443;-72
444;-75
445;-71
446;-74
447;-71
448;-72
449;-72
450;-72
451;-72
452;-72
453;-72
454;-72
455;-72
456;-73
457;-72
458;-72
459;-72
460;-73
461;-73
462;-72
463;-73
464;-73
465;-75
466;-72
467;-74
468;-73
469;-72
470;-69
471;-69
472;-72
473;-79
474;-78
475;-71
476;-72
477;-74
478;-69
479;-72
480;-72
481;-72
482;-69
483;-68
484;-68
485;-70
486;-72
487;-75
488;-74
489;-78
490;-81
491;-77
492;-73
493;-72
494;-71
495;-79
496;-84
497;-75
498;-81
499;-77
500;-81
501;-75
502;-70
503;-72
504;-72
505;-74
506;-71
507;-71
508;-72
509;-72
510;-70
511;-72
512;-71
513;-71
514;-71
515;-71
516;-71
517;-71
518;-71
519;-72
520;-73
521;-71
522;-71
523;-72
524;-72
525;-72
526;-72
527;-71
528;-71
529;-71
530;-71
531;-71
532;-71
533;-71
534;-71
535;-71
536;-71
537;-72
538;-71
539;-71
540;-71
541;-71
542;-71
543;-71
544;-71
545;-71
546;-71
547;-71
548;-71
549;-71
550;-71
551;-71
552;-71
553;-71
554;-71
555;-72
556;-72
557;-71
558;-71
559;-71
560;-71
561;-71
562;-71
563;-71
564;-71
565;-71
566;-71
567;-71
568;-71
569;-71
570;-71
571;-71
572;-71
573;-71
574;-71
575;-71
576;-71
577;-71
578;-71
579;-71
580;-71
581;-71
582;-71
583;-71
584;-71
585;-71
586;-71
587;-71
588;-71
589;-71
590;-71
591;-71
592;-71
593;-71
594;-71
595;-71
596;-71
597;-71
598;-72
599;-72
600;-71
601;-72
602;-71
603;-71
604;-71
605;-71
606;-71
607;-72
608;-72
609;-71
610;-71
611;-71
612;-72
613;-72
614;-72
615;-71
616;-71
617;-72
618;-71
619;-71
620;-71
621;-72
622;-72
623;-71
624;-72
625;-72
626;-71
627;-71
628;-71
629;-72
630;-72
631;-72
632;-71
633;-71
634;-71
635;-72
636;-72
637;-71
638;-71
639;-71
640;-71
641;-71
642;-71
643;-71
644;-71
645;-71
646;-71
647;-71
648;-71
649;-71
650;-71
651;-71
652;-71
653;-71
654;-72
655;-72
656;-71
657;-72
658;-72
659;-72
660;-72
661;-72
662;-72
663;-72
664;-72
665;-72
666;-72
667;-72
668;-72
669;-72
670;-72
671;-72
672;-72
673;-72
674;-72
675;-72
676;-72
677;-72
678;-72
679;-72
680;-72
681;-72
682;-72
683;-72
684;-72
685;-72
686;-72
687;-72
688;-72
689;-72
690;-72
691;-72
692;-72
693;-72
694;-72
695;-72
696;-72
697;-72
698;-72
699;-72
700;-72
701;-72
702;-72
703;-72
704;-72
705;-72
706;-72
707;-72
708;-72
709;-72
710;-72
711;-72
712;-72
713;-72
714;-72
715;-72
716;-72
717;-72
718;-72
719;-72
720;-72
721;-72
722;-72
723;-72
724;-72
725;-72
726;-72
727;-72
728;-72
729;-72
730;-72
731;-72
732;-72
733;-72
734;-72
735;-72
736;-72
737;-72
738;-72
739;-72
740;-72
741;-72
742;-72
743;-72
744;-72
745;-72
746;-72
747;-72
748;-72
749;-72
750;-72
751;-72
752;-72
753;-72
754;-72
755;-72
756;-72
757;-72
758;-72
759;-72
760;-72
761;-72
762;-72
763;-72
764;-72
765;-72
766;-72
767;-72
768;-72
769;-72
770;-72
771;-72
772;-72
773;-72
774;-72
775;-72
776;-72
777;-72
778;-71
779;-72
780;-71
781;-72
782;-72
783;-71
784;-71
785;-71
786;-71
787;-71
788;-71
789;-71
790;-71
791;-71
792;-71
793;-71
794;-71
795;-71
796;-71
797;-71
798;-71
799;-71
800;-71
801;-71
802;-71
803;-71
804;-71
805;-71
806;-71
807;-71
808;-71
809;-71
810;-71
811;-71
812;-71
813;-71
814;-71
815;-71
816;-71
817;-71
818;-71
819;-71
820;-71
821;-71
822;-71
823;-71
824;-71
825;-71
826;-71
827;-71
828;-71
829;-71
830;-71
831;-71
832;-71
833;-71
834;-71
835;-71
836;-71
837;-71
838;-71
839;-71
840;-71
841;-71
842;-71
843;-71
844;-71
845;-71
846;-71
847;-71
848;-71
849;-71
850;-71
851;-71
852;-71
853;-71
854;-71
855;-71
856;-71
857;-71
858;-71
859;-71
860;-71
861;-71
862;-71
863;-71
864;-71
865;-71
866;-71
867;-71
868;-71
869;-71
870;-71
871;-71
872;-71
873;-71
874;-71
875;-71
876;-71
877;-71
878;-71
879;-71
880;-71
881;-71
882;-71
883;-71
884;-71
885;-71
886;-71
887;-71
888;-71
889;-71
890;-71
891;-71
892;-71
893;-71
894;-71
895;-71
896;-71
897;-71
898;-71
899;-71
900;-71
901;-71
902;-71
903;-71
904;-71
905;-71
906;-71
907;-71
908;-71
909;-71
910;-71
911;-71
912;-71
913;-71
914;-71
915;-71
916;-71
917;-71
918;-71
919;-71
920;-71
921;-71
922;-71
923;-71
924;-71
925;-71
926;-71
927;-71
928;-71
929;-71
930;-71
931;-71
932;-71
933;-71
934;-71
935;-71
936;-71
937;-71
938;-71
939;-71
940;-71
941;-71
942;-71
943;-71
944;-71
945;-71
946;-71
947;-71
948;-71
949;-71
950;-71
951;-71
952;-71
953;-71
954;-71
955;-71
956;-71
957;-71
958;-71
959;-71
960;-71
961;-71
962;-71
963;-71
964;-71
965;-71
966;-71
967;-71
968;-71
969;-71
970;-71
971;-71
972;-71
973;-71
974;-71
975;-71
976;-71
977;-71
978;-71
979;-71
980;-71
981;-71
982;-71
983;-71
984;-71
985;-71
986;-71
987;-71
988;-71
989;-71
990;-71
991;-71
992;-71
993;-71
994;-71
995;-71
996;-71
997;-71
998;-71
999;-71
1000;-71
1001;-71
1002;-71
1003;-71
1004;-71
1005;-71
1006;-71
1007;-71
1008;-71
1009;-71
1010;-71
1011;-71
1012;-71
1013;-71
1014;-71
1015;-71
1016;-71
1017;-71
1018;-71
1019;-71
1020;-71
1021;-71
1022;-71
1023;-71
1024;-71
1025;-71
1026;-71
1027;-71
1028;-71
1029;-71
1030;-71
1031;-71
1032;-71
1033;-71
1034;-71
1035;-71
1036;-71
1037;-71
1038;-71
1039;-71
1040;-71
1041;-71
1042;-71
1043;-71
1044;-71
1045;-71
1046;-71
1047;-71
1048;-71
1049;-71
1050;-71
1051;-71
1052;-71
1053;-71
1054;-71
1055;-71
1056;-71
1057;-71
1058;-71
1059;-71
1060;-71
1061;-71
1062;-71
1063;-71
1064;-71
1065;-71
1066;-71
1067;-71
1068;-71
1069;-71
1070;-71
1071;-71
1072;-71
1073;-71
1074;-71
1075;-71
1076;-71
1077;-71
1078;-71
1079;-71
1080;-71
1081;-71
1082;-71
1083;-71
1084;-71
1085;-71
1086;-71
1087;-71
1088;-71
1089;-71
1090;-71
1091;-71
1092;-71
1093;-71
1094;-71
1095;-71
1096;-71
1097;-71
1098;-71
1099;-71
1100;-71
1101;-71
1102;-71
1103;-71
1104;-71
1105;-71
1106;-71
1107;-71
1108;-71
1109;-71
1110;-71
1111;-71
1112;-71
1113;-71
1114;-71
1115;-71
1116;-71
1117;-71
1118;-71
1119;-71
1120;-71
1121;-71
1122;-71
1123;-71
1124;-71
1125;-71
1126;-71
1127;-71
1128;-71
1129;-71
1130;-71
1131;-71
1132;-71
1133;-71
1134;-71
1135;-71
1136;-71
1137;-71
1138;-71
1139;-71
1140;-71
1141;-71
1142;-71
1143;-71
1144;-71
1145;-71
1146;-71
1147;-71
1148;-71
1149;-71
1150;-71
1151;-71
1152;-71
1153;-71
1154;-71
1155;-71
1156;-71
1157;-71
1158;-71
1159;-71
1160;-71
1161;-71
1162;-71
1163;-71
1164;-71
1165;-71
1166;-71
1167;-71
1168;-71
1169;-71
1170;-71
1171;-71
1172;-71
1173;-71
1174;-71
1175;-71
1176;-71
1177;-71
1178;-71
1179;-71
1180;-71
1181;-71
1182;-71
1183;-71
1184;-71
1185;-71
1186;-71
1187;-71
1188;-71
1189;-71
1190;-71
1191;-71
1192;-71
1193;-71
1194;-71
1195;-71
1196;-71
1197;-70
1198;-71
1199;-71
1200;-71
1201;-71
1202;-71
1203;-71
1204;-71
1205;-71
1206;-71
1207;-71
1208;-71
1209;-71
1210;-71
1211;-71
1212;-71
1213;-71
1214;-71
1215;-71
1216;-71
1217;-71
1218;-71
1219;-71
1220;-71
1221;-71
1222;-71
1223;-71
1224;-71
1225;-71
1226;-71
1227;-71
1228;-71
1229;-71
1230;-71
1231;-71
1232;-71
1233;-71
1234;-71
1235;-71
1236;-71
1237;-71
1238;-71
1239;-71
1240;-71
1241;-71
1242;-71
1243;-71
1244;-71
1245;-71
1246;-71
1247;-71
1248;-71
1249;-71
1250;-71
1251;-71
1252;-71
1253;-71
1254;-71
1255;-71
1256;-71
1257;-71
1258;-71
1259;-71
1260;-71
1261;-71
1262;-71
1263;-71
1264;-71
1265;-71
1266;-71
1267;-71
1268;-71
1269;-71
1270;-71
1271;-71
1272;-71
1273;-71
1274;-71
1275;-71
1276;-71
1277;-71
1278;-71
1279;-71
1280;-71
1281;-71
1282;-71
1283;-71
1284;-71
1285;-71
1286;-71
1287;-71
1288;-71
1289;-71
1290;-71
1291;-71
1292;-71
1293;-71
1294;-71
1295;-71
1296;-71
1297;-71
1298;-71
1299;-71
1300;-71
1301;-71
1302;-71
1303;-71
1304;-71
1305;-71
1306;-71
1307;-71
1308;-71
1309;-71
1310;-71
1311;-71
1312;-71
1313;-71
1314;-71
1315;-71
1316;-71
1317;-71
1318;-71
1319;-71
1320;-71
1321;-71
1322;-71
1323;-71
1324;-71
1325;-71
1326;-71
1327;-71
1328;-71
1329;-71
1330;-71
1331;-71
1332;-71
1333;-71
1334;-71
1335;-71
1336;-71
1337;-71
1338;-71
1339;-71
1340;-71
1341;-71
1342;-71
1343;-71
1344;-71
1345;-71
1346;-71
1347;-71
1348;-71
1349;-71
1350;-71
1351;-71
1352;-71
1353;-71
1354;-71
1355;-71
1356;-71
1357;-71
1358;-71
1359;-71
1360;-71
1361;-71
1362;-71
1363;-71
1364;-71
1365;-71
1366;-71
1367;-71
1368;-71
1369;-71
1370;-71
1371;-71
1372;-71
1373;-71
1374;-71
1375;-71
1376;-71
1377;-71
1378;-71
1379;-71
1380;-71
1381;-71
1382;-71
1383;-71
1384;-71
1385;-71
1386;-71
1387;-71
1388;-71
1389;-71
1390;-71
1391;-71
1392;-71
1393;-71
1394;-71
1395;-71
1396;-71
1397;-71
1398;-71
1399;-71
1400;-71
1401;-71
1402;-71
1403;-71
1404;-71
1405;-71
1406;-71
1407;-71
1408;-71
1409;-71
1410;-71
1411;-71
1412;-71
1413;-71
1414;-71
1415;-71
1416;-71
1417;-71
1418;-71
1419;-71
1420;-71
1421;-71
1422;-71
1423;-71
1424;-71
1425;-71
1426;-71
1427;-71
1428;-71
1429;-71
1430;-71
1431;-71
1432;-71
1433;-71
1434;-71
1435;-71
1436;-71
1437;-71
1438;-71
1439;-71
1440;-71
1441;-71
1442;-71
1443;-71
1444;-71
1445;-71
1446;-71
1447;-71
1448;-71
1449;-71
1450;-71
1451;-71
1452;-71
1453;-71
1454;-71
1455;-71
1456;-71
1457;-71
1458;-71
1459;-71
1460;-71
1461;-71
1462;-71
1463;-71
1464;-71
1465;-71
1466;-71
1467;-71
1468;-71
1469;-71
1470;-71
1471;-71
1472;-71
1473;-71
1474;-71
1475;-71
1476;-71
1477;-71
1478;-71
1479;-71
1480;-71
1481;-71
1482;-71
1483;-71
1484;-71
1485;-71
1486;-71
1487;-71
1488;-71
1489;-71
1490;-71
1491;-71
1492;-71
1493;-71
1494;-71
1495;-71
1496;-71
1497;-71
1498;-71
1499;-71
1500;-71
1501;-71
1502;-71
1503;-71
1504;-71
1505;-71
1506;-71
1507;-71
1508;-71
1509;-71
1510;-71
1511;-71
1512;-71
1513;-71
1514;-71
1515;-71
1516;-71
1517;-71
1518;-71
1519;-71
1520;-71
1521;-71
1522;-71
1523;-71
1524;-71
1525;-71
1526;-71
1527;-71
1528;-71
1529;-71
1530;-71
1531;-71
1532;-71
1533;-71
1534;-71
1535;-71
1536;-71
1537;-71
1538;-71
1539;-71
1540;-71
1541;-71
1542;-71
1543;-71
1544;-71
1545;-71
1546;-71
1547;-71
1548;-71
1549;-71
1550;-71
1551;-71
1552;-71
1553;-71
1554;-71
1555;-71
1556;-71
1557;-71
1558;-71
1559;-71
1560;-71
1561;-71
1562;-71
1563;-71
1564;-71
1565;-71
1566;-71
1567;-71
1568;-71
1569;-71
1570;-71
1571;-71
1572;-71
1573;-71
1574;-71
1575;-71
1576;-71
1577;-71
1578;-71
1579;-71
1580;-71
1581;-71
1582;-71
1583;-71
1584;-71
1585;-71
1586;-71
1587;-71
1588;-71
1589;-71
1590;-71
1591;-71
1592;-71
1593;-71
1594;-71
1595;-71
1596;-71
1597;-71
1598;-71
1599;-71
1600;-71
1601;-71
1602;-71
1603;-71
1604;-71
1605;-71
1606;-71
1607;-71
1608;-71
1609;-71
1610;-71
1611;-71
1612;-71
1613;-71
1614;-71
1615;-71
1616;-71
1617;-71
1618;-71
1619;-71
1620;-71
1621;-71
1622;-71
1623;-71
1624;-71
1625;-71
1626;-71
1627;-71
1628;-71
1629;-71
1630;-71
1631;-71
1632;-71
1633;-71
1634;-71
1635;-71
1636;-71
1637;-71
1638;-71
1639;-71
1640;-71
1641;-71
1642;-71
1643;-71
1644;-71
1645;-71
1646;-71
1647;-70
1648;-71
1649;-71
1650;-71
1651;-71
1652;-71
1653;-71
1654;-71
1655;-71
1656;-71
1657;-71
1658;-71
1659;-71
1660;-71
1661;-71
1662;-71
1663;-71
1664;-70
1665;-71
1666;-71
1667;-71
1668;-71
1669;-71
1670;-71
1671;-71
1672;-71
1673;-71
1674;-71
1675;-71
1676;-71
1677;-71
1678;-71
1679;-71
1680;-71
1681;-71
1682;-71
1683;-71
1684;-71
1685;-71
1686;-71
1687;-71
1688;-71
1689;-71
1690;-71
1691;-71
1692;-71
1693;-71
1694;-71
1695;-71
1696;-71
1697;-71
1698;-71
1699;-71
1700;-71
1701;-71
1702;-71
1703;-71
1704;-71
1705;-71
1706;-71
1707;-71
1708;-71
1709;-71
1710;-71
1711;-71
1712;-71
1713;-71
1714;-71
1715;-71
1716;-71
1717;-71
1718;-71
1719;-71
1720;-71
1721;-71
1722;-71
1723;-71
1724;-71
1725;-71
1726;-71
1727;-71
1728;-71
1729;-71
1730;-71
1731;-71
1732;-71
1733;-71
1734;-71
1735;-71
1736;-71
1737;-71
1738;-71
1739;-71
1740;-71
1741;-71
1742;-71
1743;-71
1744;-71
1745;-71
1746;-71
1747;-71
1748;-71
1749;-71
1750;-71
1751;-71
1752;-71
1753;-71
1754;-71
1755;-71
1756;-71
1757;-71
1758;-71
1759;-71
1760;-71
1761;-71
1762;-71
1763;-71
1764;-71
1765;-71
1766;-71
1767;-71
1768;-71
1769;-71
1770;-71
1771;-71
1772;-71
1773;-71
1774;-71
1775;-71
1776;-71
1777;-71
1778;-71
1779;-71
1780;-71
1781;-71
1782;-71
1783;-71
1784;-71
1785;-71
1786;-71
1787;-71
1788;-71
1789;-71
1790;-71
1791;-71
1792;-71
1793;-71
1794;-71
1795;-71
1796;-71
1797;-71
1798;-71
1799;-71
1800;-71
1801;-71
1802;-71
1803;-71
1804;-71
1805;-71
1806;-71
1807;-71
1808;-71
1809;-71
1810;-71
1811;-71
1812;-71
1813;-71
1814;-71
1815;-71
1816;-71
1817;-71
1818;-71
1819;-71
1820;-71
1821;-71
1822;-71
1823;-71
1824;-71
1825;-71
1826;-71
1827;-71
1828;-71
1829;-71
1830;-71
1831;-71
1832;-71
1833;-71
1834;-71
1835;-71
1836;-71
1837;-71
1838;-71
1839;-71
1840;-71
1841;-71
1842;-71
1843;-71
1844;-71
1845;-71
1846;-71
1847;-71
1848;-71
1849;-71
1850;-71
1851;-71
1852;-71
1853;-71
1854;-71
1855;-71
1856;-71
1857;-71
1858;-71
1859;-71
1860;-71
1861;-71
1862;-71
1863;-70
1864;-71
1865;-71
1866;-71
1867;-71
1868;-71
1869;-71
1870;-71
1871;-71
1872;-71
1873;-71
1874;-71
1875;-71
1876;-71
1877;-71
1878;-71
1879;-71
1880;-71
1881;-71
1882;-71
1883;-71
1884;-71
1885;-71
1886;-71
1887;-71
1888;-71
1889;-71
1890;-71
1891;-71
1892;-71
1893;-71
1894;-71
1895;-71
1896;-71
1897;-71
1898;-71
1899;-71
1900;-71
1901;-71
1902;-71
1903;-71
1904;-71
1905;-71
1906;-71
1907;-71
1908;-71
1909;-71
1910;-71
1911;-71
1912;-71
1913;-71
1914;-71
1915;-71
1916;-71
1917;-71
1918;-71
1919;-71
1920;-71
1921;-71
1922;-71
1923;-71
1924;-71
1925;-71
1926;-71
1927;-71
1928;-71
1929;-71
1930;-71
1931;-71
1932;-71
1933;-71
1934;-71
1935;-71
1936;-71
1937;-71
1938;-71
1939;-71
1940;-71
1941;-71
1942;-71
1943;-71
1944;-71
1945;-71
1946;-71
1947;-71
1948;-71
1949;-71
1950;-71
1951;-71
1952;-71
1953;-71
1954;-71
1955;-71
1956;-71
1957;-71
1958;-71
1959;-71
1960;-71
1961;-71
1962;-71
1963;-71
1964;-71
1965;-71
1966;-71
1967;-71
1968;-71
1969;-71
1970;-71
1971;-71
1972;-71
1973;-71
1974;-71
1975;-71
1976;-71
1977;-71
1978;-71
1979;-71
1980;-71
1981;-71
1982;-71
1983;-71
1984;-71
1985;-71
1986;-71
1987;-71
1988;-71
1989;-71
1990;-71
1991;-71
1992;-71
1993;-71
1994;-71
1995;-71
1996;-71
1997;-71
1998;-71
1999;-71
2000;-71
2001;-71
2002;-71
2003;-71
2004;-71
2005;-71
2006;-71
2007;-71
2008;-71
2009;-71
2010;-71
2011;-71
2012;-71
2013;-71
2014;-71
2015;-71
2016;-71
2017;-71
2018;-71
2019;-71
2020;-71
2021;-71
2022;-71
2023;-71
2024;-71
2025;-71
2026;-71
2027;-71
2028;-71
2029;-71
2030;-71
2031;-71
2032;-71
2033;-71
2034;-71
2035;-71
2036;-71
2037;-71
2038;-71
2039;-71
2040;-71
2041;-71
2042;-71
2043;-71
2044;-71
2045;-71
2046;-71
2047;-71
2048;-71
2049;-71
2050;-71
2051;-71
2052;-71
2053;-71
2054;-71
2055;-71
2056;-71
2057;-71
2058;-71
2059;-71
2060;-71
2061;-71
2062;-71
2063;-71
2064;-71
2065;-71
2066;-71
2067;-71
2068;-71
2069;-71
2070;-71
2071;-71
2072;-71
2073;-71
2074;-71
2075;-71
2076;-71
2077;-71
2078;-71
2079;-71
2080;-71
2081;-71
2082;-71
2083;-71
2084;-71
2085;-71
2086;-71
2087;-71
2088;-71
2089;-71
2090;-71
2091;-71
2092;-71
2093;-71
2094;-71
2095;-71
2096;-71
2097;-71
2098;-71
2099;-71
2100;-71
2101;-71
2102;-71
2103;-71
2104;-71
2105;-71
2106;-71
2107;-71
2108;-71
2109;-71
2110;-71
2111;-71
2112;-71
2113;-71
2114;-71
2115;-71
2116;-71
2117;-71
2118;-71
2119;-71
2120;-71
2121;-71
2122;-71
2123;-71
2124;-71
2125;-71
2126;-71
2127;-71
2128;-71
2129;-71
2130;-71
2131;-71
2132;-71
2133;-71
2134;-71
2135;-71
2136;-71
2137;-71
2138;-71
2139;-71
2140;-71
2141;-71
2142;-71
2143;-71
2144;-69
2145;-71
2146;-71
2147;-71
2148;-71
2149;-71
2150;-71
2151;-71
2152;-71
2153;-71
2154;-71
2155;-71
2156;-71
2157;-71
2158;-71
2159;-71
2160;-71
2161;-71
2162;-71
2163;-71
2164;-71
2165;-71
2166;-71
2167;-71
2168;-71
2169;-71
2170;-71
2171;-71
2172;-71
2173;-71
2174;-71
2175;-71
2176;-71
2177;-71
2178;-71
2179;-71
2180;-71
2181;-71
2182;-71
2183;-71
2184;-71
2185;-71
2186;-71
2187;-71
2188;-71
2189;-71
2190;-71
2191;-71
2192;-71
2193;-71
2194;-71
2195;-71
2196;-71
2197;-71
2198;-71
2199;-71
2200;-71
2201;-71
2202;-71
2203;-71
2204;-71
2205;-71
2206;-71
2207;-71
2208;-71
2209;-71
2210;-71
2211;-71
2212;-71
2213;-71
2214;-71
2215;-71
2216;-71
2217;-71
2218;-71
2219;-71
2220;-71
2221;-71
2222;-71
2223;-71
2224;-71
2225;-71
2226;-71
2227;-71
2228;-71
2229;-71
2230;-71
2231;-71
2232;-71
2233;-71
2234;-71
2235;-71
2236;-71
2237;-71
2238;-71
2239;-71
2240;-71
2241;-71
2242;-71
2243;-71
2244;-71
2245;-71
2246;-71
2247;-71
2248;-71
2249;-71
2250;-71
2251;-71
2252;-71
2253;-71
2254;-71
2255;-71
2256;-71
2257;-71
2258;-71
2259;-71
2260;-71
2261;-71
2262;-71
2263;-71
2264;-71
2265;-71
2266;-71
2267;-71
2268;-71
2269;-71
2270;-71
2271;-71
2272;-71
2273;-71
2274;-71
2275;-71
2276;-71
2277;-71
2278;-71
2279;-71
2280;-71
2281;-71
2282;-71
2283;-71
2284;-71
2285;-71
2286;-71
2287;-71
2288;-71
2289;-71
2290;-71
2291;-71
2292;-71
2293;-71
2294;-71
2295;-71
2296;-71
2297;-71
2298;-71
2299;-71
2300;-71
2301;-71
2302;-71
2303;-71
2304;-71
2305;-71
2306;-71
2307;-71
2308;-71
2309;-71
2310;-71
2311;-71
2312;-71
2313;-71
2314;-71
2315;-71
2316;-71
2317;-71
2318;-71
2319;-71
2320;-71
2321;-71
2322;-71
2323;-71
2324;-71
2325;-71
2326;-71
2327;-71
2328;-71
2329;-71
2330;-71
2331;-71
2332;-71
2333;-71
2334;-71
2335;-71
2336;-71
2337;-71
2338;-71
2339;-71
2340;-71
2341;-71
2342;-71
2343;-71
2344;-71
2345;-71
2346;-71
2347;-71
2348;-71
2349;-71
2350;-71
2351;-71
2352;-71
2353;-71
2354;-71
2355;-71
2356;-71
2357;-71
2358;-71
2359;-71
2360;-71
2361;-71
2362;-71
2363;-71
2364;-71
2365;-71
2366;-71
2367;-71
2368;-71
2369;-71
2370;-71
2371;-71
2372;-71
2373;-71
2374;-71
2375;-71
2376;-71
2377;-71
2378;-71
2379;-71
2380;-71
2381;-71
2382;-71
2383;-71
2384;-71
2385;-71
2386;-71
2387;-71
2388;-71
2389;-71
2390;-71
2391;-71
2392;-71
2393;-71
2394;-71
2395;-71
2396;-71
2397;-71
2398;-71
2399;-71
2400;-71
2401;-71
2402;-71
2403;-71
2404;-71
2405;-71
2406;-71
2407;-71
2408;-71
2409;-71
2410;-71
2411;-71
2412;-71
2413;-71
2414;-71
2415;-71
2416;-71
2417;-71
2418;-71
2419;-71
2420;-71
2421;-71
2422;-71
2423;-71
2424;-71
2425;-71
2426;-71
2427;-71
2428;-71
2429;-71
2430;-71
2431;-71
2432;-71
2433;-71
2434;-71
2435;-71
2436;-71
2437;-71
2438;-71
2439;-71
2440;-71
2441;-71
2442;-71
2443;-71
2444;-71
2445;-71
2446;-71
2447;-71
2448;-71
2449;-71
2450;-71
2451;-72
2452;-71
2453;-71
2454;-71
2455;-71
2456;-71
2457;-71
2458;-71
2459;-71
2460;-71
2461;-71
2462;-71
2463;-71
2464;-71
2465;-71
2466;-71
2467;-71
2468;-71
2469;-71
2470;-71
2471;-71
2472;-71
2473;-71
2474;-71
2475;-71
2476;-71
2477;-71
2478;-71
2479;-71
2480;-71
2481;-71
2482;-71
2483;-71
2484;-71
2485;-71
2486;-71
2487;-71
2488;-71
2489;-71
2490;-71
2491;-71
2492;-71
2493;-71
2494;-71
2495;-71
2496;-71
2497;-71
2498;-71
2499;-71
2500;-71
2501;-71
2502;-71
2503;-71
2504;-71
2505;-71
2506;-71
2507;-71
2508;-71
2509;-71
2510;-71
2511;-71
2512;-71
2513;-71
2514;-71
2515;-71
2516;-71
2517;-71
2518;-71
2519;-71
2520;-71
2521;-71
2522;-71
2523;-71
2524;-71
2525;-71
2526;-71
2527;-71
2528;-71
2529;-71
2530;-71
2531;-71
2532;-71
2533;-71
2534;-71
2535;-71
2536;-71
2537;-71
2538;-71
2539;-71
2540;-71
2541;-71
2542;-71
2543;-71
2544;-71
2545;-71
2546;-71
2547;-71
2548;-71
2549;-71
2550;-71
2551;-71
2552;-71
2553;-71
2554;-71
2555;-71
2556;-71
2557;-71
2558;-71
2559;-71
2560;-71
2561;-71
2562;-71
2563;-71
2564;-71
2565;-71
2566;-71
2567;-71
2568;-71
2569;-71
2570;-71
2571;-71
2572;-71
2573;-71
2574;-71
2575;-71
2576;-71
2577;-71
2578;-71
2579;-71
2580;-71
2581;-71
2582;-71
2583;-71
2584;-71
2585;-71
2586;-71
2587;-71
2588;-71
2589;-71
2590;-71
2591;-71
2592;-71
2593;-71
2594;-71
2595;-71
2596;-71
2597;-71
2598;-71
2599;-71
2600;-71
2601;-71
2602;-71
2603;-71
2604;-71
2605;-71
2606;-71
2607;-71
2608;-71
2609;-71
2610;-71
2611;-71
2612;-71
2613;-71
2614;-71
2615;-71
2616;-71
2617;-71
2618;-71
2619;-71
2620;-71
2621;-71
2622;-71
2623;-71
2624;-71
2625;-71
2626;-71
2627;-71
2628;-71
2629;-71
2630;-71
2631;-71
2632;-71
2633;-71
2634;-71
2635;-71
2636;-71
2637;-71
2638;-71
2639;-71
2640;-71
2641;-71
2642;-71
2643;-71
2644;-71
2645;-71
2646;-71
2647;-71
2648;-71
2649;-71
2650;-71
2651;-71
2652;-71
2653;-71
2654;-71
2655;-71
2656;-71
2657;-71
2658;-71
2659;-71
2660;-71
2661;-71
2662;-71
2663;-71
2664;-71
2665;-71
2666;-71
2667;-71
2668;-71
2669;-71
2670;-71
2671;-71
2672;-71
2673;-71
2674;-71
2675;-71
2676;-71
2677;-71
2678;-71
2679;-71
2680;-71
2681;-71
2682;-71
2683;-71
2684;-71
2685;-71
2686;-71
2687;-71
2688;-71
2689;-71
2690;-71
2691;-71
2692;-71
2693;-71
2694;-71
2695;-71
2696;-71
2697;-71
2698;-71
2699;-71
2700;-71
2701;-71
2702;-71
2703;-71
2704;-71
2705;-71
2706;-71
2707;-71
2708;-71
2709;-71
2710;-71
2711;-71
2712;-71
2713;-71
2714;-71
2715;-71
2716;-71
2717;-71
2718;-71
2719;-71
2720;-71
2721;-71
2722;-71
2723;-71
2724;-71
2725;-71
2726;-71
2727;-71
2728;-71
2729;-71
2730;-71
2731;-71
2732;-71
2733;-71
2734;-71
2735;-71
2736;-71
2737;-71
2738;-71
2739;-71
2740;-71
2741;-71
2742;-71
2743;-71
2744;-71
2745;-71
2746;-71
2747;-71
2748;-71
2749;-71
2750;-71
2751;-71
2752;-71
2753;-71
2754;-71
2755;-71
2756;-71
2757;-71
2758;-71
2759;-71
2760;-71
2761;-71
2762;-71
2763;-71
2764;-71
2765;-71
2766;-71
2767;-71
2768;-71
2769;-71
2770;-71
2771;-71
2772;-71
2773;-71
2774;-71
2775;-71
2776;-71
2777;-71
2778;-71
2779;-71
2780;-71
2781;-71
2782;-71
2783;-71
2784;-71
2785;-71
2786;-71
2787;-71
2788;-71
2789;-71
2790;-71
2791;-71
2792;-71
2793;-71
2794;-71
2795;-71
2796;-71
2797;-71
2798;-71
2799;-71
2800;-71
2801;-71
2802;-71
2803;-71
2804;-71
2805;-71
2806;-71
2807;-71
2808;-71
2809;-71
2810;-71
2811;-71
2812;-71
2813;-71
2814;-71
2815;-71
2816;-71
2817;-71
2818;-71
2819;-71
2820;-71
2821;-71
2822;-71
2823;-71
2824;-71
2825;-71
2826;-71
2827;-71
2828;-71
2829;-71
2830;-71
2831;-71
2832;-71
2833;-71
2834;-71
2835;-71
2836;-71
2837;-71
2838;-71
2839;-71
2840;-71
2841;-71
2842;-71
2843;-71
2844;-71
2845;-71
2846;-71
2847;-71
2848;-71
2849;-71
2850;-71
2851;-71
2852;-71
2853;-71
2854;-71
2855;-71
2856;-71
2857;-71
2858;-71
2859;-71
2860;-71
2861;-71
2862;-71
2863;-71
2864;-71
2865;-71
2866;-71
2867;-71
2868;-71
2869;-71
2870;-71
2871;-71
2872;-71
2873;-71
2874;-71
2875;-71
2876;-71
2877;-71
2878;-71
2879;-71
2880;-71
2881;-71
2882;-71
2883;-71
2884;-71
2885;-71
2886;-71
2887;-71
2888;-71
2889;-71
2890;-71
2891;-71
2892;-71
2893;-71
2894;-71
2895;-71
2896;-71
2897;-71
2898;-71
2899;-71
2900;-71
2901;-71
2902;-71
2903;-71
2904;-71
2905;-71
2906;-71
2907;-71
2908;-71
2909;-71
2910;-71
2911;-71
2912;-71
2913;-71
2914;-71
2915;-71
2916;-71
2917;-71
2918;-71
2919;-71
2920;-71
2921;-71
2922;-71
2923;-71
2924;-71
2925;-71
2926;-71
2927;-71
2928;-71
2929;-71
2930;-71
2931;-71
2932;-71
2933;-71
2934;-71
2935;-71
2936;-71
2937;-71
2938;-71
2939;-71
2940;-71
2941;-71
2942;-71
2943;-71
2944;-71
2945;-71
2946;-71
2947;-71
2948;-71
2949;-71
2950;-71
2951;-71
2952;-69
2953;-71
2954;-71
2955;-71
2956;-71
2957;-71
2958;-71
2959;-71
2960;-71
2961;-71
2962;-71
2963;-71
2964;-71
2965;-71
2966;-71
2967;-71
2968;-71
2969;-71
2970;-71
2971;-71
2972;-71
2973;-71
2974;-71
2975;-71
2976;-71
2977;-71
2978;-71
2979;-71
2980;-71
2981;-71
2982;-71
2983;-71
2984;-71
2985;-71
2986;-71
2987;-71
2988;-71
2989;-71
2990;-71
2991;-71
2992;-71
2993;-71
2994;-71
2995;-71
2996;-71
2997;-71
2998;-71
2999;-71
3000;-71
3001;-71
3002;-71
3003;-71
3004;-71
3005;-71
3006;-71
3007;-71
3008;-71
3009;-71
3010;-71
3011;-71
3012;-71
3013;-71
3014;-71
3015;-71
3016;-71
3017;-71
3018;-71
3019;-71
3020;-71
3021;-71
3022;-71
3023;-71
3024;-71
3025;-71
3026;-71
3027;-71
3028;-71
3029;-71
3030;-71
3031;-71
3032;-71
3033;-71
3034;-71
3035;-71
3036;-71
3037;-71
3038;-71
3039;-71
3040;-71
3041;-71
3042;-71
3043;-71
3044;-71
3045;-71
3046;-71
3047;-71
3048;-71
3049;-71
3050;-71
3051;-71
3052;-71
3053;-71
3054;-71
3055;-71
3056;-71
3057;-71
3058;-71
3059;-71
3060;-71
3061;-71
3062;-71
3063;-71
3064;-71
3065;-71
3066;-71
3067;-71
3068;-71
3069;-71
3070;-71
3071;-71
3072;-71
3073;-71
3074;-71
3075;-71
3076;-71
3077;-70
3078;-71
3079;-71
3080;-71
3081;-71
3082;-70
3083;-71
3084;-71
3085;-71
3086;-71
3087;-71
3088;-71
3089;-71
3090;-71
3091;-71
3092;-71
3093;-71
3094;-71
3095;-71
3096;-70
3097;-71
3098;-71
3099;-71
3100;-71
3101;-71
3102;-71
3103;-71
3104;-71
3105;-71
3106;-71
3107;-71
3108;-71
3109;-71
3110;-71
3111;-71
3112;-71
3113;-71
3114;-71
3115;-71
3116;-71
3117;-71
3118;-71
3119;-71
3120;-71
3121;-71
3122;-71
3123;-71
3124;-71
3125;-71
3126;-71
3127;-71
3128;-71
3129;-71
3130;-71
3131;-71
3132;-71
3133;-71
3134;-71
3135;-71
3136;-71
3137;-71
3138;-71
3139;-71
3140;-71
3141;-71
3142;-71
3143;-71
3144;-71
3145;-71
3146;-71
3147;-71
3148;-71
3149;-71
3150;-71
3151;-71
3152;-71
3153;-71
3154;-71
3155;-71
3156;-71
3157;-71
3158;-71
3159;-71
3160;-71
3161;-71
3162;-71
3163;-71
3164;-71
3165;-71
3166;-71
3167;-71
3168;-71
3169;-71
3170;-71
3171;-71
3172;-71
3173;-71
3174;-71
3175;-71
3176;-71
3177;-71
3178;-71
3179;-70
3180;-71
3181;-71
3182;-71
3183;-71
3184;-71
3185;-71
3186;-71
3187;-71
3188;-71
3189;-71
3190;-71
3191;-71
3192;-71
3193;-71
3194;-71
3195;-71
3196;-71
3197;-71
3198;-71
3199;-71
3200;-71
3201;-71
3202;-71
3203;-71
3204;-71
3205;-71
3206;-71
3207;-71
3208;-71
3209;-71
3210;-71
3211;-71
3212;-71
3213;-71
3214;-71
3215;-71
3216;-71
3217;-71
3218;-71
3219;-71
3220;-71
3221;-71
3222;-71
3223;-72
3224;-72
3225;-72
3226;-72
3227;-72
3228;-72
3229;-72
3230;-72
3231;-72
3232;-72
3233;-72
3234;-72
3235;-72
3236;-72
3237;-72
3238;-72
3239;-72
3240;-72
3241;-72
3242;-72
3243;-72
3244;-72
3245;-72
3246;-72
3247;-72
3248;-72
3249;-72
3250;-72
3251;-72
3252;-72
3253;-72
3254;-72
3255;-72
3256;-72
3257;-72
3258;-72
3259;-72
3260;-72
3261;-72
3262;-72
3263;-72
3264;-72
3265;-72
3266;-72
3267;-72
3268;-72
3269;-72
3270;-72
3271;-72
3272;-72
3273;-72
3274;-72
3275;-72
5254;-79
5255;-79
5256;-79
5257;-79
5258;-79
5259;-79
5260;-80
5261;-79
5262;-79
5263;-79
5264;-79
5265;-79
5266;-79
5267;-79
5268;-79
5269;-80
5270;-80
5271;-80
5272;-80
5273;-80
5274;-79
5275;-80
5276;-80
5277;-80
5278;-80
5279;-79
5280;-79
5281;-79
5282;-79
5283;-79
5284;-81
5285;-83
5286;-85
5287;-89
5288;-89
5289;-85
5290;-84
5291;-87
5292;-87
5293;-86
5294;-82
5295;-78
5296;-78
5297;-76
5298;-76
5299;-78
5300;-78
5301;-77
5302;-78
5303;-80
5304;-76
5305;-77
5306;-80
5307;-80
5308;-81
5309;-75
5310;-74
5311;-73
5312;-73
5313;-74
5314;-73
5315;-73
5316;-73
5317;-73
5318;-73
5319;-72
5320;-72
5321;-72
5322;-72
5323;-73
5324;-74
5325;-74
5326;-74
5327;-75
5328;-75
5329;-75
5330;-76
5331;-76
5332;-76
5333;-76
5334;-75
5335;-75
5336;-75
5337;-75
5338;-75
5339;-75
5340;-75
5341;-75
5342;-75
5343;-75
5344;-75
5345;-75
5346;-75
5347;-76
5348;-76
5349;-76
5350;-76
5351;-77
5352;-77
5353;-77
5354;-78
5355;-79
5356;-78
5357;-78
5358;-79
5359;-78
5360;-78
5361;-78
5362;-77
5363;-77
5364;-77
5365;-77
5366;-78
5367;-77
5368;-77
5369;-77
5370;-78
5371;-76
5372;-76
5373;-76
5374;-75
5375;-75
5376;-76
5377;-75
5378;-75
5379;-75
5380;-75
5381;-75
5382;-74
5383;-73
5384;-74
5385;-74
5386;-73
5387;-72
5388;-70
5389;-73
5390;-75
5391;-74
5392;-74
5393;-75
5394;-75
5395;-77
5396;-75
5397;-72
5398;-70
5399;-71
5400;-70
5401;-69
5402;-69
5403;-70
5404;-72
5405;-73
5406;-73
5407;-72
5408;-73
5409;-73
5410;-74
5411;-73
5412;-73
5413;-73
5414;-74
5415;-74
5416;-74
5417;-74
5418;-74
5419;-74
5420;-74
5421;-74
5422;-74
5423;-73
5424;-73
5425;-73
5426;-73
5427;-73
5428;-73
5429;-73
5430;-73
5431;-73
5432;-73
5433;-73
5434;-73
5435;-73
5436;-73
5437;-73
5438;-73
5439;-73
5440;-73
5441;-73
5442;-73
5443;-73
5444;-73
5445;-73
5446;-73
5447;-73
5448;-73
5449;-73
5450;-73
5451;-73
5452;-73
5453;-73
5454;-73
5455;-73
5456;-73
5457;-74
5458;-73
5459;-74
5460;-73
5461;-73
5462;-72
5463;-73
5464;-72
5465;-73
5466;-72
5467;-73
5468;-73
5469;-74
5470;-73
5471;-74
5472;-73
5473;-74
5474;-74
5475;-74
5476;-74
5477;-74
5478;-74
5479;-74
5480;-74
5481;-74
5482;-74
5483;-74
5484;-74
5485;-75
5486;-74
5487;-75
5488;-75
5489;-75
5490;-75
5491;-75
5492;-75
5493;-75
5494;-74
5495;-75
5496;-74
5497;-74
5498;-74
5499;-74
5500;-74
5501;-74
5502;-74
5503;-74
5504;-74
5505;-74
5506;-73
5507;-74
5508;-73
5509;-74
5510;-74
5511;-73
5512;-73
5513;-73
5514;-73
5515;-73
5516;-73
5517;-73
5518;-73
5519;-72
5520;-73
5521;-73
5522;-72
5523;-71
5524;-70
5525;-70
5526;-71
5527;-70
5528;-71
5529;-72
5530;-74
5531;-74
5532;-72
5533;-74
5534;-75
5535;-75
5536;-81
5537;-86
5538;-76
5539;-71
5540;-69
5541;-69
5542;-69
5543;-69
5544;-67
5545;-69
5546;-70
5547;-69
5548;-66
5549;-67
5550;-71
5551;-72
5552;-79
5553;-98
5554;-73
5555;-75
5556;-72
5557;-67
5558;-74
5559;-73
5560;-72
5561;-68
5562;-69
5563;-71
5564;-72
5565;-77
5566;-68
5567;-64
5568;-62
5569;-62
5570;-63
5571;-65
5572;-65
5573;-68
5574;-75
5575;-68
5576;-72
5577;-77
5578;-68
5579;-72
5580;-68
5581;-75
5582;-77
5583;-74
5584;-69
5585;-67
5586;-75
5587;-61
5588;-58
5589;-88
5590;-68
5591;-74
5592;-70
5593;-84
5594;-75
5595;-72
5596;-65
5597;-63
5598;-66
5599;-67
5600;-71
5601;-67
5602;-68
5603;-68
5604;-69
5605;-79
5606;-76
5607;-85
5608;-74
5609;-80
5610;-91
5611;-74
5612;-64
5613;-68
5614;-70
5615;-77
5616;-72
5617;-71
5618;-74
5619;-75
5620;-74
5621;-67
5622;-63
5623;-72
5624;-85
5625;-71
5626;-75
5627;-67
5628;-71
5629;-73
5630;-71
5631;-73
5632;-74
5633;-71
5634;-68
5635;-66
5636;-67
5637;-71
5638;-71
5639;-78
5640;-77
5641;-76
5642;-74
5643;-69
5644;-65
5645;-67
5646;-68
5647;-70
5648;-69
5649;-69
5650;-69
5651;-78
5652;-74
5653;-80
5654;-91
5655;-77
5656;-74
5657;-75
5658;-70
5659;-70
5660;-71
5661;-75
5662;-75
5663;-80
5664;-75
5665;-81
5666;-72
5667;-70
5668;-69
5669;-69
5670;-75
5671;-72
5672;-70
5673;-69
5674;-66
5675;-63
5676;-61
5677;-62
5678;-64
5679;-66
5680;-74
5681;-81
5682;-80
5683;-70
5684;-70
5685;-68
5686;-71
5687;-77
5688;-71
5689;-75
5690;-75
5691;-68
5692;-67
5693;-68
5694;-68
5695;-68
5696;-69
5697;-65
5698;-64
5699;-65
5700;-70
5701;-71
5702;-68
5703;-71
5704;-74
5705;-69
5706;-69
5707;-71
5708;-75
5709;-76
5710;-80
5711;-72
5712;-71
5713;-75
5714;-71
5715;-93
5716;-76
5717;-70
5718;-71
5719;-68
5720;-71
5721;-63
5722;-69
5723;-71
5724;-68
5725;-68
5726;-65
5727;-63
5728;-63
5729;-64
5730;-65
5731;-71
5732;-72
5733;-69
5734;-72
5735;-74
5736;-66
5737;-64
5738;-66
5739;-69
5740;-66
5741;-71
5742;-82
5743;-69
5744;-68
5745;-69
5746;-63
5747;-65
5748;-65
5749;-65
5750;-65
5751;-64
5752;-69
5753;-71
5754;-73
5755;-72
5756;-71
5757;-70
5758;-75
5759;-65
5760;-64
5761;-69
5762;-79
5763;-71
5764;-79
5765;-69
5766;-73
5767;-68
5768;-75
5769;-69
5770;-69
5771;-72
5772;-72
5773;-68
5774;-66
5775;-68
5776;-66
5777;-67
5778;-66
5779;-64
5780;-63
5781;-64
5782;-66
5783;-68
5784;-69
5785;-69
5786;-66
5787;-65
5788;-67
5789;-72
5790;-74
5791;-85
5792;-81
5793;-70
5794;-67
5795;-65
5796;-66
5797;-66
5798;-64
5799;-67
5800;-69
5801;-68
5802;-69
5803;-69
5804;-76
5805;-73
5806;-74
5807;-69
5808;-72
5809;-80
5810;-74
5811;-74
5812;-71
5813;-65
5814;-66
5815;-67
5816;-66
5817;-66
5818;-63
5819;-63
5820;-64
5821;-63
5822;-63
5823;-66
5824;-70
5825;-73
5826;-75
5827;-70
5828;-75
5829;-75
5830;-75
5831;-79
5832;-76
5833;-69
5834;-72
5835;-76
5836;-72
5837;-70
5838;-69
5839;-71
5840;-81
5841;-77
5842;-78
5843;-71
5844;-71
5845;-65
5846;-72
5847;-76
5848;-72
5849;-63
5850;-71
5851;-64
5852;-64
5853;-73
5854;-74
5855;-71
5856;-76
5857;-71
5858;-65
5859;-69
5860;-71
5861;-62
5862;-59
5863;-62
5864;-69
5865;-72
5866;-69
5867;-66
5868;-69
5869;-71
5870;-70
5871;-84
5872;-65
5873;-66
5874;-69
5875;-71
5876;-69
5877;-72
5878;-77
5879;-67
5880;-65
5881;-65
5882;-64
5883;-64
5884;-67
5885;-67
5886;-68
5887;-65
5888;-71
5889;-78
5890;-74
5891;-71
5892;-69
5893;-76
5894;-80
5895;-74
5896;-69
5897;-71
5898;-72
5899;-69
5900;-72
5901;-68
5902;-72
5903;-74
5904;-72
5905;-79
5906;-79
5907;-78
5908;-74
5909;-75
5910;-72
5911;-75
5912;-73
5913;-73
5914;-87
5915;-81
5916;-74
5917;-77
5918;-76
5919;-82
5920;-66
5921;-75
5922;-80
5923;-72
5924;-69
5925;-69
5926;-67
5927;-63
5928;-66
5929;-78
5930;-67
5931;-68
5932;-66
5933;-64
5934;-62
5935;-62
5936;-65
5937;-67
5938;-72
5939;-76
5940;-69
5941;-71
5942;-66
5943;-65
5944;-63
5945;-64
5946;-71
5947;-78
5948;-70
5949;-65
5950;-66
5951;-70
5952;-72
5953;-69
5954;-70
5955;-68
5956;-65
5957;-66
5958;-66
5959;-67
5960;-64
5961;-66
5962;-70
5963;-72
5964;-69
5965;-66
5966;-68
5967;-69
5968;-72
5969;-75
5970;-82
5971;-75
5972;-81
5973;-86
5974;-78
5975;-75
5976;-78
5977;-87
5978;-77
5979;-88
5980;-70
5981;-72
5982;-72
5983;-68
5984;-69
5985;-76
5986;-89
5987;-71
5988;-64
5989;-68
5990;-72
5991;-73
5992;-71
5993;-79
5994;-76
5995;-74
5996;-94
5997;-74
5998;-71
5999;-81
6000;-87
6001;-71
6002;-76
6003;-70
6004;-67
6005;-66
6006;-68
6007;-71
6008;-71
6009;-81
6010;-75
6011;-71
6012;-72
6013;-73
6014;-67
6015;-69
6016;-67
6017;-71
6018;-70
6019;-81
6020;-78
6021;-75
6022;-71
6023;-67
6024;-63
6025;-63
6026;-65
6027;-63
6028;-62
6029;-62
6030;-66
6031;-69
6032;-74
6033;-70
6034;-64
6035;-66
6036;-80
6037;-76
6038;-76
6039;-67
6040;-64
6041;-63
6042;-64
6043;-69
6044;-66
6045;-78
6046;-76
6047;-72
6048;-72
6049;-77
6050;-76
6051;-72
6052;-69
6053;-80
6054;-77
6055;-80
6056;-72
6057;-63
6058;-63
6059;-63
6060;-64
6061;-67
6062;-73
6063;-76
6064;-69
6065;-64
6066;-68
6067;-69
6068;-76
6069;-69
6070;-72
6071;-63
6072;-69
6073;-76
6074;-70
6075;-74
6076;-75
6077;-72
6078;-69
6079;-64
6080;-72
6081;-66
6082;-68
6083;-64
6084;-69
6085;-64
6086;-66
6087;-69
6088;-70
6089;-67
6090;-66
6091;-70
6092;-68
6093;-71
6094;-76
6095;-80
6096;-83
6097;-73
6098;-78
6099;-82
6100;-68
6101;-71
6102;-72
6103;-72
6104;-72
6105;-71
6106;-78
6107;-74
6108;-70
6109;-73
6110;-67
6111;-71
6112;-70
6113;-63
6114;-65
6115;-66
6116;-69
6117;-69
6118;-67
6119;-69
6120;-65
6121;-67
6122;-66
6123;-67
6124;-66
6125;-69
6126;-66
6127;-67
6128;-78
6129;-75
6130;-68
6131;-72
6132;-71
6133;-69
6134;-69
6135;-68
6136;-69
6137;-70
6138;-69
6139;-68
6140;-70
6141;-74
6142;-77
6143;-76
6144;-75
6145;-75
6146;-74
6147;-74
6148;-77
6149;-83
6150;-82
6151;-97
6152;-78
6153;-74
6154;-69
6155;-68
6156;-76
6157;-72
6158;-68
6159;-66
6160;-69
6161;-71
6162;-69
6163;-69
6164;-75
6165;-74
6166;-73
6167;-72
6168;-68
6169;-71
6170;-68
6171;-69
6172;-66
6173;-70
6174;-74
6175;-72
6176;-68
6177;-66
6178;-63
6179;-60
6180;-64
6181;-64
6182;-64
6183;-63
6184;-66
6185;-68
6186;-70
6187;-68
6188;-72
6189;-72
6190;-69
6191;-69
6192;-70
6193;-71
6194;-61
6195;-65
6196;-65
6197;-70
6198;-69
6199;-64
6200;-61
6201;-70
6202;-64
6203;-73
6204;-68
6205;-62
6206;-61
6207;-67
6208;-70
6209;-65
6210;-58
6211;-61
6212;-65
6213;-69
6214;-71
6215;-71
6216;-73
6217;-75
6218;-75
6219;-66
6220;-68
6221;-66
6222;-66
6223;-66
6224;-69
6225;-72
6226;-84
6227;-71
6228;-72
6229;-70
6230;-71
6231;-73
6232;-69
6233;-66
6234;-66
6235;-71
6236;-71
6237;-93
6238;-66
6239;-68
6240;-64
6241;-65
6242;-74
6243;-69
6244;-69
6245;-79
6246;-73
6247;-73
6248;-70
6249;-68
6250;-64
6251;-72
6252;-69
6253;-71
6254;-67
6255;-69
6256;-84
6257;-67
6258;-70
6259;-63
6260;-65
6261;-67
6262;-67
6263;-65
6264;-65
6265;-67
6266;-65
6267;-63
6268;-65
6269;-65
6270;-64
6271;-63
6272;-60
6273;-61
6274;-63
6275;-64
6276;-63
6277;-63
6278;-62
6279;-64
6280;-64
6281;-63
6282;-61
6283;-60
6284;-60
6285;-58
6286;-69
6287;-68
6288;-68
6289;-70
6290;-68
6291;-68
6292;-68
6293;-66
6294;-68
6295;-70
6296;-71
6297;-71
6298;-69
6299;-69
6300;-69
6301;-68
6302;-66
6303;-66
6304;-74
6305;-78
6306;-70
6307;-68
6308;-66
6309;-64
6310;-63
6311;-64
6312;-63
6313;-62
6314;-63
6315;-66
6316;-72
6317;-69
6318;-69
6319;-72
6320;-72
6321;-70
6322;-69
6323;-72
6324;-82
6325;-76
6326;-78
6327;-72
6328;-73
6329;-79
6330;-78
6331;-76
6332;-85
6333;-78
6334;-76
6335;-73
6336;-69
6337;-64
6338;-65
6339;-67
6340;-69
6341;-67
6342;-67
6343;-66
6344;-66
6345;-68
6346;-67
6347;-68
6348;-72
6349;-71
6350;-68
6351;-67
6352;-69
6353;-68
6354;-69
6355;-68
6356;-69
6357;-70
6358;-67
6359;-68
6360;-72
6361;-69
6362;-71
6363;-68
6364;-72
6365;-72
6366;-69
6367;-71
6368;-80
6369;-76
6370;-69
6371;-69
6372;-68
6373;-68
6374;-64
6375;-63
6376;-65
6377;-70
6378;-71
6379;-67
6380;-66
6381;-68
6382;-68
6383;-66
6384;-70
6385;-67
6386;-67
6387;-66
6388;-67
6389;-69
6390;-69
6391;-70
6392;-70
6393;-65
6394;-69
6395;-72
6396;-69
6397;-69
6398;-84
6399;-86
6400;-75
6401;-78
6402;-72
6403;-74
6404;-71
6405;-69
6406;-70
6407;-69
6408;-69
6409;-67
6410;-66
6411;-66
6412;-69
6413;-71
6414;-75
6415;-92
6416;-79
6417;-80
6418;-78
6419;-74
6420;-67
6421;-65
6422;-64
6423;-68
6424;-76
6425;-73
6426;-70
6427;-71
6428;-69
6429;-72
6430;-80
6431;-77
6432;-71
6433;-68
6434;-70
6435;-74
6436;-70
6437;-70
6438;-69
6439;-70
6440;-73
6441;-73
6442;-74
6443;-77
6444;-80
6445;-82
6446;-76
6447;-76
6448;-69
6449;-69
6450;-72
6451;-70
6452;-70
6453;-70
6454;-68
6455;-69
6456;-72
6457;-71
6458;-72
6459;-68
6460;-66
6461;-68
6462;-67
6463;-70
6464;-78
6465;-73
6466;-72
6467;-73
6468;-71
6469;-72
6470;-69
6471;-69
6472;-72
6473;-78
6474;-78
6475;-70
6476;-66
6477;-69
6478;-73
6479;-91
6480;-82
6481;-86
6482;-78
6483;-77
6484;-74
6485;-72
6486;-76
6487;-72
6488;-73
6489;-68
6490;-66
6491;-68
6492;-66
6493;-68
6494;-67
6495;-68
6496;-68
6497;-71
6498;-76
6499;-73
6500;-72
6501;-77
6502;-76
6503;-88
6504;-91
6505;-72
6506;-75
6507;-75
6508;-72
6509;-70
6510;-72
6511;-78
6512;-76
6513;-70
6514;-71
6515;-73
6516;-73
6517;-73
6518;-67
6519;-65
6520;-64
6521;-66
6522;-70
6523;-75
6524;-75
6525;-74
6526;-73
6527;-79
6528;-81
6529;-75
6530;-77
6531;-73
6532;-75
6533;-71
6534;-74
6535;-74
6536;-72
6537;-70
6538;-66
6539;-64
6540;-64
6541;-64
6542;-63
6543;-63
6544;-63
6545;-64
6546;-64
6547;-65
6548;-70
6549;-72
6550;-66
6551;-66
6552;-67
6553;-71
6554;-68
6555;-69
6556;-72
6557;-72
6558;-64
6559;-64
6560;-68
6561;-66
6562;-64
6563;-67
6564;-67
6565;-65
6566;-67
6567;-72
6568;-69
6569;-73
6570;-66
6571;-63
6572;-66
6573;-73
6574;-67
6575;-67
6576;-64
6577;-67
6578;-78
6579;-82
6580;-77
6581;-78
6582;-78
6583;-75
6584;-68
6585;-69
6586;-68
6587;-78
6588;-73
6589;-67
6590;-66
6591;-70
6592;-69
6593;-69
6594;-70
6595;-67
6596;-72
6597;-68
6598;-69
6599;-69
6600;-68
6601;-69
6602;-69
6603;-71
6604;-74
6605;-72
6606;-68
6607;-72
6608;-73
6609;-71
6610;-73
6611;-69
6612;-70
6613;-70
6614;-72
6615;-68
6616;-68
6617;-72
6618;-68
6619;-73
6620;-74
6621;-70
6622;-65
6623;-72
6624;-68
6625;-63
6626;-69
6627;-76
6628;-70
6629;-73
6630;-75
6631;-81
6632;-77
6633;-72
6634;-68
6635;-74
6636;-74
6637;-65
6638;-65
6639;-65
6640;-64
6641;-65
6642;-65
6643;-72
6644;-78
6645;-78
6646;-73
6647;-69
6648;-68
6649;-70
6650;-72
6651;-69
6652;-67
6653;-64
6654;-67
6655;-68
6656;-72
6657;-78
6658;-72
6659;-67
6660;-64
6661;-69
6662;-66
6663;-64
6664;-69
6665;-67
6666;-68
6667;-72
6668;-74
6669;-73
6670;-74
6671;-71
6672;-67
6673;-64
6674;-64
6675;-63
6676;-61
6677;-65
6678;-71
6679;-76
6680;-66
6681;-73
6682;-69
6683;-69
6684;-69
6685;-69
6686;-72
6687;-70
6688;-71
6689;-78
6690;-67
6691;-72
6692;-66
6693;-67
6694;-64
6695;-66
6696;-69
6697;-70
6698;-69
6699;-65
6700;-63
6701;-62
6702;-63
6703;-64
6704;-63
6705;-64
6706;-64
6707;-61
6708;-62
6709;-64
6710;-66
6711;-64
6712;-65
6713;-66
6714;-64
6715;-63
6716;-63
6717;-62
6718;-63
6719;-66
6720;-67
6721;-65
6722;-59
6723;-67
6724;-62
6725;-61
6726;-66
6727;-67
6728;-65
6729;-61
6730;-61
6731;-60
6732;-61
6733;-61
6734;-61
6735;-64
6736;-66
6737;-64
6738;-63
6739;-61
6740;-61
6741;-62
6742;-62
6743;-63
6744;-64
6745;-64
6746;-64
6747;-64
6748;-63
6749;-64
6750;-63
6751;-64
6752;-63
6753;-63
6754;-62
6755;-61
6756;-62
6757;-61
6758;-61
6759;-61
6760;-62
6761;-61
6762;-62
6763;-63
6764;-63
6765;-63
6766;-66
6767;-72
6768;-80
6769;-78
6770;-75
6771;-72
6772;-73
6773;-72
6774;-76
6775;-73
6776;-80
6777;-76
6778;-75
6779;-87
6780;-82
6781;-83
6782;-77
6783;-76
6784;-75
6785;-72
6786;-72
6787;-73
6788;-79
6789;-79
6790;-89
6791;-67
6792;-64
6793;-64
6794;-65
6795;-65
6796;-65
6797;-69
6798;-69
6799;-64
6800;-61
6801;-60
6802;-66
6803;-64
6804;-70
6805;-66
6806;-62
6807;-63
6808;-69
6809;-72
6810;-72
6811;-72
6812;-80
6813;-72
6814;-76
6815;-71
6816;-74
6817;-74
6818;-61
6819;-65
6820;-67
6821;-67
6822;-74
6823;-67
6824;-68
6825;-69
6826;-72
6827;-70
6828;-69
6829;-78
6830;-67
6831;-71
6832;-67
6833;-66
6834;-64
6835;-63
6836;-67
6837;-61
6838;-58
6839;-58
6840;-59
6841;-61
6842;-64
6843;-69
6844;-66
6845;-66
6846;-66
6847;-62
6848;-61
6849;-63
6850;-72
6851;-76
6852;-75
6853;-68
6854;-69
6855;-74
6856;-78
6857;-79
6858;-70
6859;-76
6860;-68
6861;-65
6862;-64
6863;-65
6864;-68
6865;-72
6866;-74
6867;-72
6868;-70
6869;-72
6870;-74
6871;-74
6872;-72
6873;-70
6874;-67
6875;-65
6876;-67
6877;-75
6878;-75
6879;-66
6880;-64
6881;-66
6882;-69
6883;-69
6884;-67
6885;-69
6886;-69
6887;-68
6888;-69
6889;-69
6890;-68
6891;-66
6892;-65
6893;-65
6894;-68
6895;-68
6896;-69
6897;-72
6898;-75
6899;-72
6900;-70
6901;-68
6902;-66
6903;-65
6904;-69
6905;-75
6906;-74
6907;-72
6908;-69
6909;-67
6910;-67
6911;-67
6912;-68
6913;-66
6914;-65
6915;-72
6916;-69
6917;-67
6918;-74
6919;-72
6920;-71
6921;-73
6922;-71
6923;-69
6924;-68
6925;-67
6926;-67
6927;-66
6928;-67
6929;-69
6930;-71
6931;-72
6932;-72
6933;-72
6934;-71
6935;-71
6936;-70
6937;-70
6938;-70
6939;-70
6940;-72
6941;-71
6942;-71
6943;-72
6944;-73
6945;-74
6946;-75
6947;-76
6948;-75
6949;-72
6950;-70
6951;-71
6952;-70
6953;-71
6954;-72
6955;-73
6956;-78
6957;-81
6958;-83
6959;-84
6960;-84
6961;-84
6962;-86
6963;-78
6964;-78
6965;-84
6966;-83
6967;-72
6968;-66
6969;-63
6970;-63
6971;-66
6972;-66
6973;-69
6974;-64
6975;-58
6976;-63
6977;-65
6978;-68
6979;-66
6980;-67
6981;-67
6982;-69
6983;-67
6984;-64
6985;-67
6986;-72
6987;-69
6988;-67
6989;-67
6990;-67
6991;-74
6992;-74
6993;-77
6994;-75
6995;-94
6996;-73
6997;-74
6998;-73
6999;-67
7000;-63
7001;-67
7002;-67
7003;-69
7004;-66
7005;-72
7006;-69
7007;-67
7008;-64
7009;-64
7010;-66
7011;-69
7012;-71
7013;-70
7014;-82
7015;-74
7016;-72
7017;-70
7018;-67
7019;-69
7020;-69
7021;-69
7022;-75
7023;-75
7024;-74
7025;-71
7026;-74
7027;-72
7028;-70
7029;-75
7030;-73
7031;-67
7032;-67
7033;-71
7034;-72
7035;-64
7036;-61
7037;-63
7038;-69
7039;-78
7040;-70
7041;-70
7042;-72
7043;-72
7044;-73
7045;-74
7046;-75
7047;-74
7048;-74
7049;-77
7050;-75
7051;-75
7052;-72
7053;-72
7054;-71
7055;-69
7056;-68
7057;-66
7058;-66
7059;-65
7060;-66
7061;-67
7062;-68
7063;-69
7064;-69
7065;-67
7066;-65
7067;-64
7068;-64
7069;-65
7070;-66
7071;-65
7072;-65
7073;-66
7074;-69
7075;-77
7076;-91
7077;-75
7078;-70
7079;-59
7080;-58
7081;-58
7082;-60
7083;-61
7084;-65
7085;-70
7086;-78
7087;-82
7088;-82
7089;-79
7090;-75
7091;-72
7092;-71
7093;-71
7094;-71
7095;-72
7096;-71
7097;-70
7098;-69
7099;-69
7100;-69
7101;-69
7102;-69
7103;-70
7104;-72
7105;-71
7106;-70
7107;-75
7108;-72
7109;-75
7110;-81
7111;-79
7112;-73
7113;-77
7114;-69
7115;-63
7116;-64
7117;-67
7118;-68
7119;-67
7120;-69
7121;-68
7122;-70
7123;-69
7124;-74
7125;-77
7126;-74
7127;-71
7128;-66
7129;-66
7130;-66
7131;-68
7132;-67
7133;-69
7134;-69
7135;-66
7136;-70
7137;-71
7138;-66
7139;-67
7140;-76
7141;-64
7142;-68
7143;-71
7144;-74
7145;-77
7146;-69
7147;-70
7148;-70
7149;-85
7150;-79
7151;-81
7152;-69
7153;-75
7154;-72
7155;-71
7156;-71
7157;-78
7158;-70
7159;-69
7160;-64
7161;-66
7162;-68
7163;-68
7164;-66
7165;-67
7166;-68
7167;-70
7168;-75
7169;-79
7170;-80
7171;-78
7172;-81
7173;-87
7174;-78
7175;-80
7176;-91
7177;-91
7178;-82
7179;-78
7180;-75
7181;-75
7182;-74
7183;-73
7184;-70
7185;-69
7186;-70
7187;-71
7188;-72
7189;-72
7190;-71
7191;-70
7192;-69
7193;-70
7194;-72
7195;-79
7196;-78
7197;-74
7198;-75
7199;-78
7200;-77
7201;-93
7202;-84
7203;-72
7204;-70
7205;-69
7206;-73
7207;-90
7208;-78
7209;-85
7210;-78
7211;-79
7212;-79
7213;-77
7214;-71
7215;-75
7216;-72
7217;-74
7218;-72
7219;-67
7220;-78
7221;-78
7222;-69
7223;-72
7224;-72
7225;-65
7226;-63
7227;-63
7228;-65
7229;-68
7230;-69
7231;-69
7232;-72
7233;-72
7234;-80
7235;-80
7236;-75
7237;-79
7238;-82
7239;-81
7240;-89
7241;-81
7242;-74
7243;-76
7244;-77
7245;-77
7246;-70
7247;-67
7248;-68
7249;-64
7250;-65
7251;-66
7252;-62
7253;-67
7254;-69
7255;-77
7256;-67
7257;-74
7258;-72
7259;-77
7260;-69
7261;-66
7262;-65
7263;-64
7264;-65
7265;-64
7266;-66
7267;-68
7268;-69
7269;-69
7270;-68
7271;-69
7272;-72
7273;-70
7274;-69
7275;-68
7276;-65
7277;-63
7278;-66
7279;-68
7280;-68
7281;-75
7282;-78
7283;-69
7284;-66
7285;-66
7286;-71
7287;-77
7288;-75
7289;-78
7290;-71
7291;-75
7292;-68
7293;-65
7294;-67
7295;-67
7296;-65
7297;-66
7298;-66
7299;-65
7300;-64
7301;-66
7302;-67
7303;-66
7304;-66
7305;-68
7306;-67
7307;-64
7308;-63
7309;-61
7310;-62
7311;-64
7312;-66
7313;-63
7314;-62
7315;-61
7316;-63
7317;-64
7318;-65
7319;-68
7320;-72
7321;-68
7322;-68
7323;-70
7324;-72
7325;-70
7326;-71
7327;-74
7328;-72
7329;-70
7330;-70
7331;-68
7332;-66
7333;-66
7334;-67
7335;-68
7336;-68
7337;-70
7338;-70
7339;-69
7340;-67
7341;-68
7342;-64
7343;-69
7344;-68
7345;-68
7346;-67
7347;-70
7348;-73
7349;-75
7350;-70
7351;-65
7352;-64
7353;-61
7354;-61
7355;-69
7356;-72
7357;-67
7358;-65
7359;-76
7360;-87
7361;-72
7362;-72
7363;-71
7364;-74
7365;-77
7366;-79
7367;-77
7368;-72
7369;-69
7370;-73
7371;-75
7372;-71
7373;-66
7374;-65
7375;-66
7376;-68
7377;-71
7378;-76
7379;-74
7380;-72
7381;-69
7382;-67
7383;-64
7384;-66
7385;-71
7386;-70
7387;-69
7388;-72
7389;-70
7390;-69
7391;-70
7392;-69
7393;-71
7394;-71
7395;-69
7396;-69
7397;-69
7398;-70
7399;-69
7400;-69
7401;-70
7402;-71
7403;-69
7404;-70
7405;-67
7406;-67
7407;-66
7408;-64
7409;-65
7410;-66
7411;-67
7412;-70
7413;-71
7414;-72
7415;-72
7416;-69
7417;-68
7418;-68
7419;-69
7420;-68
7421;-68
7422;-68
7423;-69
7424;-68
7425;-68
7426;-70
7427;-72
7428;-73
7429;-71
7430;-72
7431;-72
7432;-72
7433;-73
7434;-74
7435;-75
7436;-79
7437;-85
7438;-85
7439;-81
7440;-78
7441;-75
7442;-72
7443;-68
7444;-67
7445;-67
7446;-68
7447;-69
7448;-69
7449;-69
7450;-67
7451;-68
7452;-71
7453;-72
7454;-75
7455;-80
7456;-81
7457;-81
7458;-81
7459;-81
7460;-82
7461;-83
7462;-84
7463;-83
7464;-80
7465;-77
7466;-75
7467;-75
7468;-74
7469;-74
7470;-72
7471;-71
7472;-71
7473;-71
7474;-72
7475;-70
7476;-70
7477;-72
7478;-72
7479;-71
7480;-72
7481;-75
7482;-71
7483;-71
7484;-72
7485;-70
7486;-64
7487;-63
7488;-63
7489;-68
7490;-70
7491;-67
7492;-65
7493;-68
7494;-67
7495;-72
7496;-72
7497;-70
7498;-69
7499;-67
7500;-67
7501;-69
7502;-70
7503;-69
7504;-75
7505;-80
7506;-75
7507;-74
7508;-69
7509;-70
7510;-70
7511;-70
7512;-69
7513;-68
7514;-65
7515;-64
7516;-65
7517;-66
7518;-65
7519;-64
7520;-65
7521;-65
7522;-66
7523;-69
7524;-67
7525;-68
7526;-68
7527;-68
7528;-69
7529;-66
7530;-69
7531;-68
7532;-68
7533;-69
7534;-69
7535;-68
7536;-65
7537;-68
7538;-69
7539;-67
7540;-67
7541;-66
7542;-65
7543;-65
7544;-64
7545;-64
7546;-66
7547;-66
7548;-66
7549;-68
7550;-75
7551;-68
7552;-68
7553;-64
7554;-65
7555;-65
7556;-65
7557;-65
7558;-67
7559;-66
7560;-72
7561;-69
7562;-75
7563;-70
7564;-69
7565;-69
7566;-72
7567;-65
7568;-66
7569;-67
7570;-70
7571;-78
7572;-76
7573;-75
7574;-68
7575;-65
7576;-71
7577;-68
7578;-69
7579;-71
7580;-75
7581;-68
7582;-70
7583;-70
7584;-81
7585;-70
7586;-76
7587;-70
7588;-71
7589;-72
7590;-70
7591;-70
7592;-81
7593;-70
7594;-75
7595;-72
7596;-71
7597;-70
7598;-70
7599;-70
7600;-69
7601;-69
7602;-71
7603;-67
7604;-64
7605;-64
7606;-66
7607;-67
7608;-71
7609;-65
7610;-68
7611;-67
7612;-69
7613;-69
7614;-66
7615;-68
7616;-67
7617;-69
7618;-74
7619;-68
7620;-68
7621;-81
7622;-78
7623;-76
7624;-75
7625;-75
7626;-72
7627;-71
7628;-70
7629;-69
7630;-72
7631;-72
7632;-72
7633;-72
7634;-72
7635;-70
7636;-67
7637;-68
7638;-69
7639;-67
7640;-69
7641;-69
7642;-69
7643;-71
7644;-72
7645;-68
7646;-68
7647;-69
7648;-68
7649;-66
7650;-67
7651;-73
7652;-69
7653;-67
7654;-67
7655;-68
7656;-68
7657;-67
7658;-65
7659;-68
7660;-69
7661;-69
7662;-69
7663;-70
7664;-68
7665;-67
7666;-68
7667;-69
7668;-69
7669;-67
7670;-69
7671;-72
7672;-74
7673;-71
7674;-66
7675;-70
7676;-75
7677;-75
7678;-90
7679;-78
7680;-78
7681;-70
7682;-68
7683;-69
7684;-69
7685;-66
7686;-64
7687;-66
7688;-64
7689;-66
7690;-68
7691;-69
7692;-66
7693;-65
7694;-72
7695;-75
7696;-67
7697;-72
7698;-69
7699;-66
7700;-71
7701;-72
7702;-91
7703;-72
7704;-87
7705;-80
7706;-82
7707;-73
7708;-76
7709;-66
7710;-64
7711;-63
7712;-63
7713;-68
7714;-75
7715;-70
7716;-73
7717;-75
7718;-73
7719;-75
7720;-75
7721;-72
7722;-68
7723;-67
7724;-70
7725;-73
7726;-73
7727;-76
7728;-75
7729;-77
7730;-74
7731;-74
7732;-73
7733;-73
7734;-74
7735;-73
7736;-75
7737;-84
7738;-74
7739;-75
7740;-72
7741;-70
7742;-69
7743;-68
7744;-65
7745;-66
7746;-66
7747;-69
7748;-69
7749;-72
7750;-72
7751;-71
7752;-69
7753;-68
7754;-67
7755;-68
7756;-67
7757;-70
7758;-72
7759;-72
7760;-70
7761;-68
7762;-66
7763;-69
7764;-69
7765;-69
7766;-74
7767;-78
7768;-77
7769;-72
7770;-70
7771;-72
7772;-70
7773;-74
7774;-75
7775;-87
7776;-97
7777;-78
7778;-69
7779;-66
7780;-66
7781;-68
7782;-67
7783;-67
7784;-66
7785;-66
7786;-67
7787;-67
7788;-67
7789;-65
7790;-65
7791;-65
7792;-66
7793;-68
7794;-68
7795;-69
7796;-68
7797;-69
7798;-68
7799;-70
7800;-71
7801;-71
7802;-71
7803;-69
7804;-67
7805;-70
7806;-69
7807;-69
7808;-69
7809;-69
7810;-69
7811;-68
7812;-67
7813;-69
7814;-69
7815;-69
7816;-69
7817;-69
7818;-69
7819;-71
7820;-73
7821;-71
7822;-69
7823;-71
7824;-69
7825;-70
7826;-79
7827;-77
7828;-76
7829;-71
7830;-69
7831;-68
7832;-68
7833;-71
7834;-74
7835;-76
7836;-79
7837;-85
7838;-78
7839;-81
7840;-77
7841;-78
7842;-75
7843;-70
7844;-72
7845;-75
7846;-79
7847;-72
7848;-69
7849;-69
7850;-70
7851;-70
7852;-73
7853;-78
7854;-72
7855;-71
7856;-72
7857;-69
7858;-67
7859;-65
7860;-65
7861;-64
7862;-64
7863;-65
7864;-66
7865;-66
7866;-65
7867;-67
7868;-68
7869;-65
7870;-64
7871;-65
7872;-66
7873;-68
7874;-69
7875;-67
7876;-66
7877;-64
7878;-64
7879;-63
7880;-62
7881;-61
7882;-62
7883;-64
7884;-68
7885;-69
7886;-69
7887;-69
7888;-68
7889;-68
7890;-69
7891;-69
7892;-68
7893;-70
7894;-74
7895;-75
7896;-77
7897;-85
7898;-73
7899;-71
7900;-71
7901;-75
7902;-77
7903;-79
7904;-82
7905;-81
7906;-77
7907;-70
7908;-67
7909;-67
7910;-67
7911;-65
7912;-68
7913;-69
7914;-64
7915;-72
7916;-75
7917;-70
7918;-69
7919;-67
7920;-67
7921;-72
7922;-78
7923;-75
7924;-82
7925;-73
7926;-66
7927;-72
7928;-69
7929;-75
7930;-73
7931;-80
7932;-77
7933;-69
7934;-76
7935;-74
7936;-68
7937;-69
7938;-80
7939;-71
7940;-72
7941;-72
7942;-64
7943;-60
7944;-61
7945;-61
7946;-61
7947;-63
7948;-71
7949;-63
7950;-64
7951;-66
7952;-67
7953;-65
7954;-67
7955;-69
7956;-68
7957;-68
7958;-69
7959;-64
7960;-67
7961;-69
7962;-77
7963;-78
7964;-67
7965;-72
7966;-67
7967;-75
7968;-68
7969;-64
7970;-67
7971;-75
7972;-74
7973;-73
7974;-72
7975;-70
7976;-68
7977;-64
7978;-72
7979;-65
7980;-66
7981;-71
7982;-71
7983;-85
7984;-69
7985;-70
7986;-68
7987;-72
7988;-67
7989;-69
7990;-66
7991;-68
7992;-67
7993;-64
7994;-69
7995;-65
7996;-61
7997;-65
7998;-67
7999;-66
8000;-69
8001;-65
8002;-65
8003;-69
8004;-65
8005;-65
8006;-65
8007;-65
8008;-65
8009;-69
8010;-69
8011;-69
8012;-64
8013;-66
8014;-64
8015;-63
8016;-67
8017;-70
8018;-67
8019;-61
8020;-64
8021;-65
8022;-65
8023;-67
8024;-72
8025;-75
8026;-75
8027;-72
8028;-72
8029;-70
8030;-74
8031;-73
8032;-68
8033;-68
8034;-72
8035;-72
8036;-69
8037;-66
8038;-65
8039;-66
8040;-68
8041;-69
8042;-78
8043;-77
8044;-75
8045;-70
8046;-68
8047;-65
8048;-67
8049;-72
8050;-74
8051;-71
8052;-66
8053;-66
8054;-69
8055;-71
8056;-65
8057;-63
8058;-63
8059;-63
8060;-63
8061;-65
8062;-65
8063;-64
8064;-68
8065;-71
8066;-77
8067;-78
8068;-70
8069;-68
8070;-69
8071;-72
8072;-72
8073;-72
8074;-72
8075;-71
8076;-71
8077;-72
8078;-74
8079;-77
8080;-78
8081;-76
8082;-76
8083;-75
8084;-73
8085;-71
8086;-70
8087;-69
8088;-70
8089;-71
8090;-72
8091;-72
8092;-72
8093;-72
8094;-72
8095;-73
8096;-74
8097;-75
8098;-75
8099;-76
8100;-76
8101;-75
8102;-76
8103;-76
8104;-75
8105;-76
8106;-74
8107;-72
8108;-71
8109;-68
8110;-67
8111;-67
8112;-67
8113;-68
8114;-68
8115;-69
8116;-67
8117;-68
8118;-69
8119;-70
8120;-72
8121;-73
8122;-73
8123;-72
8124;-71
8125;-72
8126;-73
8127;-73
8128;-72
8129;-73
8130;-70
8131;-71
8132;-71
8133;-70
8134;-70
8135;-71
8136;-69
8137;-69
8138;-69
8139;-68
8140;-67
8141;-67
8142;-67
8143;-65
8144;-65
8145;-67
8146;-72
8147;-79
8148;-77
8149;-85
8150;-77
8151;-80
8152;-86
8153;-87
8154;-74
8155;-72
8156;-71
8157;-75
8158;-72
8159;-70
8160;-69
8161;-68
8162;-67
8163;-67
8164;-68
8165;-69
8166;-69
8167;-69
8168;-70
8169;-70
8170;-71
8171;-72
8172;-72
8173;-72
8174;-73
8175;-73
8176;-74
8177;-74
8178;-72
8179;-72
8180;-70
8181;-69
8182;-70
8183;-71
8184;-75
8185;-75
8186;-68
8187;-68
8188;-71
8189;-75
8190;-64
8191;-74
8192;-69
8193;-70
8194;-70
8195;-73
8196;-69
8197;-72
8198;-74
8199;-70
8200;-69
8201;-70
8202;-75
8203;-78
8204;-79
8205;-67
8206;-64
8207;-81
8208;-67
8209;-70
8210;-69
8211;-77
8212;-84
8213;-68
8214;-75
8215;-70
8216;-79
8217;-80
8218;-67
8219;-66
8220;-70
8221;-70
8222;-70
8223;-71
8224;-72
8885;-47
8886;-47
8887;-48
8888;-47
8889;-47
8890;-47
8891;-47
8892;-47
8893;-47
8894;-48
8895;-48
8896;-48
8897;-48
8898;-47
8899;-48
8900;-47
8901;-47
8902;-48
8903;-47
8904;-48
8905;-47
8906;-48
8907;-47
8908;-47
8909;-48
8910;-48
8911;-48
8912;-48
8913;-48
8914;-48
8915;-48
8916;-48
8917;-48
8918;-47
8919;-48
8920;-48
8921;-48
8922;-48
8923;-48
8924;-48
8925;-48
8926;-48
8927;-48
8928;-49
8929;-48
8930;-48
8931;-48
8932;-48
8933;-48
8934;-48
8935;-48
8936;-48
8937;-48
