26449;-55
26450;-56
26451;-54
26452;-63
26453;-63
26454;-50
26455;-48
26456;-46
26457;-49
26458;-58
26459;-75
26460;-62
26461;-58
26462;-55
26463;-52
26464;-49
26465;-49
26466;-47
26467;-45
26468;-45
26469;-43
26470;-45
26471;-47
26472;-44
26473;-42
26474;-43
26475;-49
26476;-64
26477;-56
26478;-53
26479;-56
26480;-54
26481;-56
26482;-54
26483;-53
26484;-54
26485;-53
26486;-55
26487;-61
26488;-54
26489;-74
26490;-56
26491;-55
26492;-65
26493;-54
26494;-63
26495;-51
26496;-54
26497;-67
26498;-55
26499;-54
26500;-50
26501;-49
26502;-49
26503;-52
26504;-56
26505;-56
26506;-55
26507;-54
26508;-54
26509;-54
26510;-54
26511;-61
26512;-51
26513;-46
26514;-46
26515;-59
26516;-54
26517;-49
26518;-51
26519;-52
26520;-61
26521;-60
26522;-62
26523;-51
26524;-51
26525;-48
26526;-49
26527;-50
26528;-51
26529;-51
26530;-51
26531;-59
26532;-54
26533;-51
26534;-50
26535;-53
26536;-56
26537;-52
26538;-49
26539;-75
26540;-61
26541;-55
26542;-49
26543;-58
26544;-63
26545;-58
26546;-53
26547;-51
26548;-51
26549;-47
26550;-43
26551;-42
26552;-42
26553;-42
26554;-42
26555;-45
26556;-49
26557;-48
26558;-45
26559;-40
26560;-45
26561;-51
26562;-54
26563;-55
26564;-58
26565;-57
26566;-54
26567;-58
26568;-55
26569;-61
26570;-63
26571;-58
26572;-55
26573;-65
26574;-55
26575;-82
26576;-55
26577;-53
26578;-55
26579;-59
26580;-57
26581;-63
26582;-58
26583;-58
26584;-55
26585;-58
26586;-52
26587;-48
26588;-49
26589;-51
26590;-50
26591;-49
26592;-48
26593;-47
26594;-47
26595;-49
26596;-54
26597;-55
26598;-47
26599;-49
26600;-56
26601;-73
26602;-46
26603;-49
26604;-56
26605;-59
26606;-58
26607;-57
26608;-55
26609;-54
26610;-51
26611;-52
26612;-53
26613;-53
26614;-52
26615;-50
26616;-50
26617;-49
26618;-48
26619;-47
26620;-51
26621;-58
26622;-50
26623;-50
26624;-52
26625;-57
26626;-80
26627;-59
26628;-61
26629;-58
26630;-50
26631;-47
26632;-45
26633;-43
26634;-41
26635;-39
26636;-39
26637;-40
26638;-42
26639;-46
26640;-48
26641;-59
26642;-57
26643;-49
26644;-50
26645;-53
26646;-63
26647;-53
26648;-58
26649;-61
26650;-60
26651;-57
26652;-52
26653;-49
26654;-55
26655;-54
26656;-54
26657;-52
26658;-54
26659;-52
26660;-57
26661;-69
26662;-69
26663;-71
26664;-56
26665;-49
26666;-50
26667;-49
26668;-58
26669;-51
26670;-56
26671;-45
26672;-48
26673;-46
26674;-47
26675;-50
26676;-51
26677;-50
26678;-49
26679;-51
26680;-52
26681;-50
26682;-45
26683;-43
26684;-43
26685;-42
26686;-42
26687;-43
26688;-43
26689;-49
26690;-50
26691;-49
26692;-49
26693;-50
26694;-50
26695;-52
26696;-53
26697;-56
26698;-57
26699;-55
26700;-51
26701;-51
26702;-48
26703;-47
26704;-47
26705;-49
26706;-57
26707;-51
26708;-45
26709;-47
26710;-48
26711;-49
26712;-51
26713;-49
26714;-49
26715;-49
26716;-46
26717;-47
26718;-48
26719;-48
26720;-47
26721;-47
26722;-49
26723;-57
26724;-62
26725;-62
26726;-51
26727;-67
26728;-62
26729;-51
26730;-51
26731;-51
26732;-53
26733;-49
26734;-45
26735;-45
26736;-45
26737;-51
26738;-52
26739;-55
26740;-56
26741;-55
26742;-52
26743;-51
26744;-53
26745;-53
26746;-53
26747;-57
26748;-56
26749;-48
26750;-43
26751;-43
26752;-43
26753;-43
26754;-43
26755;-43
26756;-42
26757;-41
26758;-39
26759;-39
26760;-39
26761;-40
26762;-40
26763;-41
26764;-41
26765;-43
26766;-46
26767;-47
26768;-49
26769;-63
26770;-51
26771;-47
26772;-53
26773;-58
26774;-50
26775;-60
26776;-55
26777;-67
26778;-63
26779;-55
26780;-65
26781;-60
26782;-54
26783;-54
26784;-55
26785;-61
26786;-51
26787;-57
26788;-58
26789;-55
26790;-57
26791;-57
26792;-55
26793;-61
26794;-57
26795;-52
26796;-50
26797;-52
26798;-60
26799;-50
26800;-48
26801;-51
26802;-51
26803;-50
26804;-49
26805;-49
26806;-49
26807;-49
26808;-51
26809;-66
26810;-45
26811;-43
26812;-49
26813;-55
26814;-61
26815;-53
26816;-46
26817;-51
26818;-51
26819;-55
26820;-65
26821;-57
26822;-55
26823;-54
26824;-49
26825;-49
26826;-50
26827;-54
26828;-55
26829;-55
26830;-56
26831;-54
26832;-52
26833;-55
26834;-50
26835;-43
26836;-45
26837;-45
26838;-45
26839;-47
26840;-47
26841;-46
26842;-47
26843;-46
26844;-48
26845;-49
26846;-50
26847;-49
26848;-49
26849;-49
26850;-51
26851;-61
26852;-60
26853;-49
26854;-48
26855;-47
26856;-45
26857;-42
26858;-42
26859;-44
26860;-52
26861;-60
26862;-61
26863;-69
26864;-54
26865;-60
26866;-51
26867;-49
26868;-49
26869;-49
26870;-51
26871;-55
26872;-53
26873;-57
26874;-61
26875;-58
26876;-55
26877;-47
26878;-42
26879;-39
26880;-43
26881;-47
26882;-67
26883;-49
26884;-47
26885;-43
26886;-40
26887;-39
26888;-40
26889;-40
26890;-40
26891;-40
26892;-41
26893;-43
26894;-46
26895;-47
26896;-49
26897;-55
26898;-49
26899;-49
26900;-53
26901;-50
26902;-52
26903;-51
26904;-62
26905;-56
26906;-60
26907;-54
26908;-58
26909;-57
26910;-54
26911;-54
26912;-55
26913;-56
26914;-53
26915;-59
26916;-58
26917;-61
26918;-65
26919;-61
26920;-50
26921;-57
26922;-49
26923;-51
26924;-54
26925;-53
26926;-50
26927;-49
26928;-51
26929;-51
26930;-49
26931;-47
26932;-48
26933;-49
26934;-51
26935;-58
26936;-52
26937;-52
26938;-54
26939;-51
26940;-49
26941;-52
26942;-49
26943;-50
26944;-54
26945;-67
26946;-72
26947;-55
26948;-55
26949;-57
26950;-61
26951;-51
26952;-49
26953;-51
26954;-50
26955;-49
26956;-51
26957;-54
26958;-52
26959;-60
26960;-54
26961;-53
26962;-61
26963;-58
26964;-50
26965;-49
26966;-48
26967;-46
26968;-46
26969;-54
26970;-65
26971;-61
26972;-51
26973;-49
26974;-48
26975;-48
26976;-49
26977;-53
26978;-63
26979;-51
26980;-46
26981;-41
26982;-45
26983;-50
26984;-54
26985;-53
26986;-49
26987;-49
26988;-51
26989;-52
26990;-55
26991;-75
26992;-66
26993;-52
26994;-54
26995;-54
26996;-55
26997;-55
26998;-55
26999;-55
27000;-52
27001;-54
27002;-55
27003;-49
27004;-48
27005;-48
27006;-43
27007;-43
27008;-41
27009;-42
27010;-43
27011;-43
27012;-42
27013;-42
27014;-42
27015;-43
27016;-43
27017;-44
27018;-45
27019;-43
27020;-43
27021;-43
27022;-43
27023;-45
27024;-49
27025;-47
27026;-44
27027;-45
27028;-44
27029;-45
27030;-60
27031;-48
27032;-47
27033;-45
27034;-43
27035;-44
27036;-47
27037;-49
27038;-55
27039;-57
27040;-55
27041;-51
27042;-45
27043;-43
27044;-41
27045;-42
27046;-44
27047;-49
27048;-55
27049;-52
27050;-51
27051;-57
27052;-49
27053;-47
27054;-47
27055;-46
27056;-49
27057;-47
27058;-43
27059;-41
27060;-40
27061;-40
27062;-41
27063;-43
27064;-48
27065;-55
27066;-55
27067;-65
27068;-45
27069;-45
27070;-42
27071;-46
27072;-57
27073;-51
27074;-54
27075;-54
27076;-56
27077;-58
27078;-58
27079;-56
27080;-55
27081;-54
27082;-55
27083;-58
27084;-57
27085;-78
27086;-57
27087;-55
27088;-67
27089;-65
27090;-64
27091;-49
27092;-55
27093;-47
27094;-51
27095;-51
27096;-51
27097;-51
27098;-69
27099;-56
27100;-58
27101;-52
27102;-51
27103;-51
27104;-51
27105;-53
27106;-58
27107;-52
27108;-43
27109;-42
27110;-45
27111;-49
27112;-48
27113;-56
27114;-49
27115;-50
27116;-51
27117;-49
27118;-53
27119;-55
27120;-57
27121;-68
27122;-61
27123;-55
27124;-54
27125;-55
27126;-55
27127;-65
27128;-63
27129;-63
27130;-60
27131;-61
27132;-51
27133;-47
27134;-42
27135;-43
27136;-42
27137;-42
27138;-43
27139;-43
27140;-41
27141;-42
27142;-42
27143;-43
27144;-44
27145;-45
27146;-45
27147;-43
27148;-43
27149;-43
27150;-45
27151;-48
27152;-49
27153;-50
27154;-46
27155;-48
27156;-44
27157;-47
27158;-60
27159;-51
27160;-47
27161;-46
27162;-45
27163;-45
27164;-48
27165;-49
27166;-52
27167;-52
27168;-52
27169;-50
27170;-49
27171;-44
27172;-44
27173;-45
27174;-49
27175;-51
27176;-44
27177;-42
27178;-43
27179;-41
27180;-43
27181;-42
27182;-43
27183;-43
27184;-42
27185;-39
27186;-38
27187;-38
27188;-38
27189;-39
27190;-39
27191;-41
27192;-45
27193;-45
27194;-47
27195;-52
27196;-59
27197;-51
27198;-50
27199;-50
27200;-52
27201;-55
27202;-58
27203;-58
27204;-58
27205;-58
27206;-54
27207;-63
27208;-55
27209;-54
27210;-55
27211;-57
27212;-54
27213;-54
27214;-55
27215;-62
27216;-61
27217;-52
27218;-54
27219;-47
27220;-49
27221;-56
27222;-61
27223;-57
27224;-54
27225;-52
27226;-47
27227;-48
27228;-49
27229;-55
27230;-58
27231;-58
27232;-53
27233;-48
27234;-43
27235;-43
27236;-46
27237;-56
27238;-61
27239;-52
27240;-57
27241;-62
27242;-61
27243;-53
27244;-57
27245;-57
27246;-59
27247;-68
27248;-66
27249;-57
27250;-57
27251;-54
27252;-54
27253;-54
27254;-54
27255;-55
27256;-55
27257;-57
27258;-54
27259;-56
27260;-52
27261;-48
27262;-43
27263;-42
27264;-43
27265;-41
27266;-43
27267;-43
27268;-43
27269;-41
27270;-41
27271;-43
27272;-44
27273;-45
27274;-45
27275;-44
27276;-42
27277;-41
27278;-42
27279;-44
27280;-44
27281;-43
27282;-42
27283;-42
27284;-41
27285;-45
27286;-48
27287;-53
27288;-55
27289;-51
27290;-50
27291;-53
27292;-53
27293;-53
27294;-55
27295;-56
27296;-55
27297;-53
27298;-51
27299;-50
27300;-46
27301;-46
27302;-47
27303;-49
27304;-47
27305;-42
27306;-43
27307;-43
27308;-42
27309;-42
27310;-43
27311;-42
27312;-41
27313;-44
27314;-47
27315;-48
27316;-48
27317;-49
27318;-48
27319;-46
27320;-44
27321;-44
27322;-43
27323;-44
27324;-45
27325;-45
27326;-45
27327;-49
27328;-49
27329;-54
27330;-55
27331;-62
27332;-61
27333;-58
27334;-54
27335;-52
27336;-50
27337;-49
27338;-49
27339;-49
27340;-50
27341;-51
27342;-56
27343;-70
27344;-64
27345;-53
27346;-50
27347;-51
27348;-73
27349;-60
27350;-48
27351;-45
27352;-50
27353;-52
27354;-62
27355;-50
27356;-48
27357;-47
27358;-48
27359;-48
27360;-48
27361;-48
27362;-50
27363;-61
27364;-54
27365;-47
27366;-49
27367;-48
27368;-52
27369;-51
27370;-68
27371;-58
27372;-55
27373;-53
27374;-54
27375;-54
27376;-51
27377;-52
27378;-52
27379;-53
27380;-53
27381;-54
27382;-50
27383;-51
27384;-52
27385;-51
27386;-53
27387;-53
27388;-50
27389;-51
27390;-60
27391;-58
27392;-56
27393;-54
27394;-51
27395;-55
27396;-58
27397;-55
27398;-49
27399;-48
27400;-48
27401;-49
27402;-49
27403;-49
27404;-49
27405;-54
27406;-57
27407;-48
27408;-49
27409;-49
27410;-59
27411;-50
27412;-50
27413;-57
27414;-61
27415;-62
27416;-67
27417;-55
27418;-56
27419;-52
27420;-54
27421;-54
27422;-51
27423;-51
27424;-50
27425;-51
27426;-51
27427;-57
27428;-72
27429;-60
27430;-51
27431;-51
27432;-51
27433;-45
27434;-47
27435;-48
27436;-49
27437;-65
27438;-58
27439;-49
27440;-45
27441;-44
27442;-43
27443;-43
27444;-43
27445;-43
27446;-43
27447;-45
27448;-48
27449;-52
27450;-55
27451;-53
27452;-45
27453;-45
27454;-51
27455;-49
27456;-52
27457;-55
27458;-54
27459;-60
27460;-54
27461;-52
27462;-55
27463;-55
27464;-53
27465;-51
27466;-52
27467;-56
27468;-54
27469;-58
27470;-60
27471;-57
27472;-56
27473;-55
27474;-55
27475;-51
27476;-49
27477;-58
27478;-81
27479;-58
27480;-56
27481;-49
27482;-47
27483;-47
27484;-48
27485;-48
27486;-47
27487;-47
27488;-47
27489;-49
27490;-55
27491;-53
27492;-52
27493;-55
27494;-51
27495;-58
27496;-70
27497;-55
27498;-50
27499;-57
27500;-53
27501;-61
27502;-61
27503;-60
27504;-68
27505;-60
27506;-57
27507;-54
27508;-53
27509;-53
27510;-54
27511;-52
27512;-52
27513;-53
27514;-54
27515;-55
27516;-60
27517;-60
27518;-53
27519;-51
27520;-54
27521;-68
27522;-54
27523;-48
27524;-48
27525;-55
27526;-63
27527;-58
27528;-55
27529;-55
27530;-53
27531;-50
27532;-48
27533;-46
27534;-47
27535;-51
27536;-58
27537;-53
27538;-56
27539;-48
27540;-48
27541;-47
27542;-46
27543;-48
27544;-51
27545;-53
27546;-53
27547;-52
27548;-52
27549;-52
27550;-51
27551;-51
27552;-50
27553;-49
27554;-52
27555;-55
27556;-55
27557;-52
27558;-51
27559;-50
27560;-49
27561;-48
27562;-48
27563;-50
27564;-49
27565;-49
27566;-51
27567;-53
27568;-60
27569;-56
27570;-53
27571;-55
27572;-66
27573;-76
27574;-55
27575;-53
27576;-52
27577;-54
27578;-49
27579;-45
27580;-47
27581;-49
27582;-52
27583;-50
27584;-48
27585;-52
27586;-55
27587;-50
27588;-52
27589;-60
27590;-61
27591;-62
27592;-60
27593;-56
27594;-52
27595;-50
27596;-49
27597;-51
27598;-55
27599;-62
27600;-50
27601;-46
27602;-50
27603;-56
27604;-51
27605;-51
27606;-47
27607;-51
27608;-63
27609;-49
27610;-44
27611;-40
27612;-40
27613;-42
27614;-42
27615;-43
27616;-43
27617;-44
27618;-46
27619;-48
27620;-44
27621;-45
27622;-45
27623;-48
27624;-50
27625;-55
27626;-49
27627;-51
27628;-61
27629;-56
27630;-53
27631;-53
27632;-51
27633;-51
27634;-65
27635;-60
27636;-61
27637;-62
27638;-67
27639;-70
27640;-51
27641;-53
27642;-63
27643;-66
27644;-49
27645;-49
27646;-49
27647;-53
27648;-42
27649;-41
27650;-43
27651;-48
27652;-42
27653;-40
27654;-41
27655;-44
27656;-46
27657;-45
27658;-44
27659;-42
27660;-40
27661;-40
27662;-43
27663;-43
27664;-41
27665;-39
27666;-48
27667;-43
27668;-42
27669;-40
27670;-46
27671;-58
27672;-54
27673;-46
27674;-48
27675;-51
27676;-53
27677;-52
27678;-52
27679;-51
27680;-51
27681;-50
27682;-49
27683;-49
27684;-53
27685;-51
27686;-45
27687;-43
27688;-43
27689;-47
27690;-43
27691;-40
27692;-41
27693;-45
27694;-44
27695;-42
27696;-43
27697;-48
27698;-51
27699;-55
27700;-55
27701;-51
27702;-45
27703;-43
27704;-44
27705;-42
27706;-43
27707;-47
27708;-41
27709;-39
27710;-39
27711;-41
27712;-45
27713;-49
27714;-51
27715;-51
27716;-53
27717;-53
27718;-54
27719;-53
27720;-55
27721;-54
27722;-54
27723;-54
27724;-51
27725;-49
27726;-48
27727;-50
27728;-55
27729;-48
27730;-48
27731;-44
27732;-43
27733;-44
27734;-43
27735;-41
27736;-49
27737;-46
27738;-42
27739;-42
27740;-43
27741;-45
27742;-46
27743;-45
27744;-43
27745;-42
27746;-40
27747;-46
27748;-49
27749;-40
27750;-41
27751;-45
27752;-43
27753;-43
27754;-48
27755;-64
27756;-64
27757;-51
27758;-49
27759;-50
27760;-53
27761;-56
27762;-55
27763;-54
27764;-54
27765;-56
27766;-56
27767;-55
27768;-51
27769;-48
27770;-48
27771;-51
27772;-53
27773;-57
27774;-47
27775;-43
27776;-42
27777;-47
27778;-36
27779;-38
27780;-43
27781;-47
27782;-45
27783;-47
27784;-48
27785;-49
27786;-49
27787;-48
27788;-47
27789;-43
27790;-41
27791;-40
27792;-45
27793;-43
27794;-40
27795;-43
27796;-45
27797;-43
27798;-46
27799;-53
27800;-51
27801;-49
27802;-48
27803;-49
27804;-50
27805;-53
27806;-53
27807;-52
27808;-49
27809;-47
27810;-47
27811;-51
27812;-52
27813;-46
27814;-43
27815;-40
27816;-43
27817;-43
27818;-44
27819;-41
27820;-46
27821;-43
27822;-40
27823;-44
27824;-48
27825;-51
27826;-57
27827;-58
27828;-56
27829;-51
27830;-48
27831;-45
27832;-42
27833;-42
27834;-45
27835;-44
27836;-39
27837;-48
27838;-42
27839;-41
27840;-41
27841;-45
27842;-49
27843;-51
27844;-47
27845;-47
27846;-47
27847;-49
27848;-51
27849;-51
27850;-49
27851;-47
27852;-47
27853;-48
27854;-50
27855;-61
27856;-52
27857;-43
27858;-44
27859;-45
27860;-43
27861;-41
27862;-43
27863;-42
27864;-43
27865;-43
27866;-44
27867;-47
27868;-50
27869;-52
27870;-53
27871;-50
27872;-48
27873;-46
27874;-44
27875;-41
27876;-39
27877;-48
27878;-42
27879;-39
27880;-40
27881;-48
27882;-51
27883;-47
27884;-45
27885;-45
27886;-50
27887;-54
27888;-56
27889;-58
27890;-55
27891;-54
27892;-53
27893;-55
27894;-58
27895;-53
27896;-48
27897;-47
27898;-53
27899;-58
27900;-53
27901;-47
27902;-43
27903;-45
27904;-48
27905;-40
27906;-45
27907;-51
27908;-42
27909;-43
27910;-46
27911;-50
27912;-52
27913;-52
27914;-47
27915;-44
27916;-43
27917;-47
27918;-45
27919;-42
27920;-42
27921;-48
27922;-43
27923;-44
27924;-47
27925;-57
27926;-53
27927;-49
27928;-47
27929;-51
27930;-65
27931;-63
27932;-54
27933;-53
27934;-52
27935;-52
27936;-56
27937;-58
27938;-52
27939;-48
27940;-46
27941;-53
27942;-50
27943;-55
27944;-48
27945;-46
27946;-47
27947;-43
27948;-43
27949;-37
27950;-39
27951;-43
27952;-42
27953;-41
27954;-42
27955;-43
27956;-43
27957;-43
27958;-46
27959;-46
27960;-42
27961;-38
27962;-43
27963;-44
27964;-39
27965;-39
27966;-43
27967;-43
27968;-43
27969;-51
27970;-55
27971;-51
27972;-46
27973;-48
27974;-48
27975;-51
27976;-54
27977;-53
27978;-51
27979;-47
27980;-45
27981;-46
27982;-51
27983;-46
27984;-43
27985;-41
27986;-42
27987;-44
27988;-58
27989;-69
27990;-42
27991;-41
27992;-50
27993;-43
27994;-38
27995;-37
27996;-37
27997;-37
27998;-37
27999;-37
28000;-36
28001;-36
28002;-37
28003;-40
28004;-37
28005;-35
28006;-36
28007;-43
28008;-53
28009;-49
28010;-63
28011;-48
28012;-43
28013;-43
28014;-43
28015;-48
28016;-49
28017;-57
28018;-53
28019;-53
28020;-54
28021;-57
28022;-49
28023;-44
28024;-42
28025;-42
28026;-45
28027;-53
28028;-50
28029;-43
28030;-40
28031;-40
28032;-39
28033;-39
28034;-37
28035;-36
28036;-39
28037;-43
28038;-48
28039;-51
28040;-51
28041;-49
28042;-46
28043;-44
28044;-43
28045;-45
28046;-51
28047;-48
28048;-41
28049;-39
28050;-45
28051;-47
28052;-51
28053;-48
28054;-52
28055;-50
28056;-49
28057;-51
28058;-59
28059;-61
28060;-54
28061;-53
28062;-54
28063;-53
28064;-54
28065;-53
28066;-49
28067;-47
28068;-46
28069;-45
28070;-48
28071;-45
28072;-41
28073;-40
28074;-44
28075;-43
28076;-43
28077;-45
28078;-42
28079;-43
28080;-45
28081;-51
28082;-55
28083;-55
28084;-51
28085;-48
28086;-43
28087;-43
28088;-42
28089;-45
28090;-43
28091;-39
28092;-40
28093;-48
28094;-42
28095;-41
28096;-41
28097;-43
28098;-47
28099;-52
28100;-45
28101;-46
28102;-44
28103;-45
28104;-47
28105;-47
28106;-45
28107;-43
28108;-45
28109;-46
28110;-47
28111;-45
28112;-43
28113;-44
28114;-61
28115;-57
28116;-53
28117;-41
28118;-36
28119;-37
28120;-40
28121;-36
28122;-34
28123;-35
28124;-36
28125;-37
28126;-37
28127;-37
28128;-36
28129;-35
28130;-35
28131;-37
28132;-41
28133;-36
28134;-34
28135;-37
28136;-43
28137;-46
28138;-51
28139;-50
28140;-44
28141;-42
28142;-42
28143;-42
28144;-45
28145;-46
28146;-48
28147;-49
28148;-47
28149;-45
28150;-44
28151;-42
28152;-43
28153;-43
28154;-48
28155;-51
28156;-52
28157;-45
28158;-40
28159;-37
28160;-37
28161;-40
28162;-37
28163;-37
28164;-41
28165;-45
28166;-48
28167;-49
28168;-49
28169;-47
28170;-45
28171;-43
28172;-40
28173;-41
28174;-43
28175;-49
28176;-43
28177;-39
28178;-42
28179;-44
28180;-47
28181;-54
28182;-62
28183;-49
28184;-45
28185;-45
28186;-45
28187;-49
28188;-51
28189;-48
28190;-49
28191;-54
28192;-55
28193;-58
28194;-55
28195;-49
28196;-49
28197;-51
28198;-57
28199;-47
28200;-45
28201;-45
28202;-44
28203;-43
28204;-40
28205;-37
28206;-40
28207;-43
28208;-41
28209;-41
28210;-42
28211;-43
28212;-44
28213;-45
28214;-48
28215;-44
28216;-39
28217;-38
28218;-42
28219;-49
28220;-43
28221;-45
28222;-48
28223;-46
28224;-50
28225;-56
28226;-52
28227;-49
28228;-47
28229;-46
28230;-49
28231;-48
28232;-48
28233;-46
28234;-46
28235;-44
28236;-45
28237;-47
28238;-46
28239;-44
28240;-41
28241;-43
28242;-57
28243;-60
28244;-46
28245;-37
28246;-36
28247;-40
28248;-36
28249;-34
28250;-35
28251;-37
28252;-39
28253;-39
28254;-40
28255;-40
28256;-39
28257;-37
28258;-35
28259;-37
28260;-51
28261;-43
28262;-37
28263;-37
28264;-41
28265;-44
28266;-46
28267;-50
28268;-46
28269;-43
28270;-45
28271;-47
28272;-48
28273;-53
28274;-55
28275;-52
28276;-49
28277;-47
28278;-43
28279;-40
28280;-37
28281;-37
28282;-43
28283;-49
28284;-42
28285;-39
28286;-37
28287;-37
28288;-42
28289;-40
28290;-40
28291;-42
28292;-41
28293;-43
28294;-46
28295;-47
28296;-46
28297;-45
28298;-43
28299;-42
28300;-41
28301;-43
28302;-46
28303;-44
28304;-37
28305;-39
28306;-42
28307;-42
28308;-45
28309;-54
28310;-49
28311;-43
28312;-42
28313;-40
28314;-41
28315;-42
28316;-42
28317;-43
28318;-43
28319;-42
28320;-42
28321;-41
28322;-43
28323;-45
28324;-51
28325;-55
28326;-47
28327;-44
28328;-43
28329;-43
28330;-43
28331;-47
28332;-43
28333;-43
28334;-46
28335;-44
28336;-43
28337;-43
28338;-44
28339;-44
28340;-43
28341;-44
28342;-48
28343;-48
28344;-43
28345;-45
28346;-51
28347;-43
28348;-45
28349;-51
28350;-50
28351;-50
28352;-55
28353;-51
28354;-46
28355;-44
28356;-43
28357;-45
28358;-44
28359;-44
28360;-44
28361;-44
28362;-45
28363;-44
28364;-46
28365;-49
28366;-50
28367;-54
28368;-51
28369;-53
28370;-51
28371;-45
28372;-46
28373;-45
28374;-42
28375;-45
28376;-58
28377;-45
28378;-45
28379;-46
28380;-46
28381;-46
28382;-47
28383;-47
28384;-45
28385;-44
28386;-49
28387;-47
28388;-43
28389;-44
28390;-48
28391;-43
28392;-45
28393;-54
28394;-54
28395;-53
28396;-53
28397;-55
28398;-51
28399;-51
28400;-55
28401;-65
28402;-70
28403;-67
28404;-64
28405;-55
28406;-50
28407;-49
28408;-54
28409;-55
28410;-46
28411;-50
28412;-47
28413;-54
28414;-42
28415;-39
28416;-45
28417;-40
28418;-37
28419;-40
28420;-48
28421;-49
28422;-49
28423;-51
28424;-51
28425;-52
28426;-54
28427;-51
28428;-45
28429;-42
28430;-41
28431;-44
28432;-42
28433;-39
28434;-39
28435;-42
28436;-42
28437;-41
28438;-54
28439;-61
28440;-54
28441;-51
28442;-49
28443;-54
28444;-53
28445;-52
28446;-52
28447;-53
28448;-53
28449;-50
28450;-51
28451;-58
28452;-51
28453;-43
28454;-46
28455;-43
28456;-44
28457;-44
28458;-39
28459;-41
28460;-45
28461;-42
28462;-41
28463;-45
28464;-51
28465;-48
28466;-46
28467;-46
28468;-49
28469;-54
28470;-45
28471;-40
28472;-41
28473;-44
28474;-45
28475;-42
28476;-40
28477;-39
28478;-43
28479;-43
28480;-45
28481;-49
28482;-50
28483;-49
28484;-49
28485;-51
28486;-54
28487;-55
28488;-55
28489;-53
28490;-50
28491;-48
28492;-48
28493;-48
28494;-51
28495;-53
28496;-51
28497;-50
28498;-47
28499;-43
28500;-43
28501;-47
28502;-42
28503;-43
28504;-47
28505;-45
28506;-47
28507;-48
28508;-48
28509;-47
28510;-47
28511;-47
28512;-46
28513;-45
28514;-52
28515;-45
28516;-40
28517;-57
28518;-49
28519;-45
28520;-50
28521;-49
28522;-45
28523;-50
28524;-52
28525;-49
28526;-44
28527;-43
28528;-43
28529;-43
28530;-44
28531;-43
28532;-43
28533;-43
28534;-47
28535;-48
28536;-49
28537;-47
28538;-43
28539;-43
28540;-42
28541;-43
28542;-45
28543;-39
28544;-42
28545;-56
28546;-43
28547;-43
28548;-45
28549;-45
28550;-45
28551;-46
28552;-46
28553;-46
28554;-45
28555;-45
28556;-43
28557;-42
28558;-40
28559;-72
28560;-38
28561;-39
28562;-43
28563;-41
28564;-41
28565;-47
28566;-48
28567;-51
28568;-43
28569;-41
28570;-40
28571;-40
28572;-40
28573;-41
28574;-41
28575;-40
28576;-41
28577;-43
28578;-45
28579;-49
28580;-47
28581;-43
28582;-39
28583;-39
28584;-39
28585;-41
28586;-38
28587;-39
28588;-39
28589;-39
28590;-39
28591;-40
28592;-45
28593;-51
28594;-56
28595;-53
28596;-48
28597;-41
28598;-37
28599;-36
28600;-34
28601;-37
28602;-34
28603;-37
28604;-38
28605;-39
28606;-41
28607;-43
28608;-51
28609;-51
28610;-44
28611;-42
28612;-42
28613;-41
28614;-42
28615;-41
28616;-41
28617;-41
28618;-40
28619;-42
28620;-43
28621;-46
28622;-49
28623;-47
28624;-46
28625;-42
28626;-45
28627;-43
28628;-36
28629;-33
28630;-45
28631;-37
28632;-35
28633;-37
28634;-39
28635;-40
28636;-40
28637;-40
28638;-40
28639;-39
28640;-35
28641;-33
28642;-34
28643;-43
28644;-35
28645;-33
28646;-43
28647;-48
28648;-42
28649;-45
28650;-47
28651;-51
28652;-49
28653;-44
28654;-47
28655;-50
28656;-51
28657;-56
28658;-58
28659;-57
28660;-57
28661;-51
28662;-47
28663;-43
28664;-45
28665;-49
28666;-51
28667;-46
28668;-49
28669;-46
28670;-45
28671;-35
28672;-35
28673;-39
28674;-33
28675;-35
28676;-38
28677;-41
28678;-41
28679;-41
28680;-41
28681;-42
28682;-40
28683;-38
28684;-35
28685;-34
28686;-40
28687;-37
28688;-33
28689;-39
28690;-46
28691;-43
28692;-43
28693;-45
28694;-45
28695;-46
28696;-43
28697;-42
28698;-41
28699;-42
28700;-43
28701;-42
28702;-42
28703;-41
28704;-41
28705;-41
28706;-43
28707;-46
28708;-58
28709;-45
28710;-42
28711;-38
28712;-37
28713;-36
28714;-37
28715;-37
28716;-33
28717;-36
28718;-39
28719;-45
28720;-55
28721;-63
28722;-55
28723;-54
28724;-52
28725;-46
28726;-39
28727;-38
28728;-40
28729;-38
28730;-38
28731;-39
28732;-41
28733;-39
28734;-40
28735;-45
28736;-48
28737;-51
28738;-47
28739;-41
28740;-40
28741;-39
28742;-40
28743;-40
28744;-40
28745;-40
28746;-39
28747;-39
28748;-42
28749;-45
28750;-51
28751;-51
28752;-45
28753;-42
28754;-40
28755;-40
28756;-39
28757;-39
28758;-52
28759;-40
28760;-41
28761;-43
28762;-44
28763;-45
28764;-46
28765;-46
28766;-45
28767;-44
28768;-43
28769;-42
28770;-42
28771;-58
28772;-39
28773;-39
28774;-40
28775;-39
28776;-40
28777;-39
28778;-45
28779;-49
28780;-51
28781;-43
28782;-42
28783;-40
28784;-40
28785;-40
28786;-40
28787;-40
28788;-40
28789;-40
28790;-41
28791;-43
28792;-49
28793;-56
28794;-46
28795;-40
28796;-39
28797;-39
28798;-39
28799;-37
28800;-38
28801;-46
28802;-39
28803;-41
28804;-43
28805;-45
28806;-46
28807;-47
28808;-47
28809;-46
28810;-43
28811;-42
28812;-40
28813;-39
28814;-39
28815;-35
28816;-36
28817;-36
28818;-34
28819;-34
28820;-37
28821;-40
28822;-54
28823;-45
28824;-39
28825;-43
28826;-43
28827;-46
28828;-51
28829;-51
28830;-49
28831;-44
28832;-43
28833;-41
28834;-42
28835;-45
28836;-58
28837;-46
28838;-39
28839;-39
28840;-39
28841;-35
28842;-39
28843;-45
28844;-37
28845;-35
28846;-38
28847;-42
28848;-44
28849;-43
28850;-42
28851;-41
28852;-39
28853;-37
28854;-36
28855;-38
28856;-37
28857;-33
28858;-37
28859;-52
28860;-42
28861;-42
28862;-45
28863;-49
28864;-49
28865;-51
28866;-48
28867;-55
28868;-53
28869;-47
28870;-46
28871;-45
28872;-45
28873;-46
28874;-47
28875;-49
28876;-51
28877;-47
28878;-46
28879;-44
28880;-45
28881;-49
28882;-47
28883;-55
28884;-43
28885;-43
28886;-45
28887;-43
28888;-41
28889;-42
28890;-43
28891;-48
28892;-51
28893;-52
28894;-51
28895;-47
28896;-43
28897;-41
28898;-45
28899;-45
28900;-39
28901;-38
28902;-39
28903;-42
28904;-43
28905;-43
28906;-45
28907;-51
28908;-47
28909;-47
28910;-51
28911;-61
28912;-54
28913;-50
28914;-45
28915;-44
28916;-43
28917;-42
28918;-43
28919;-44
28920;-47
28921;-61
28922;-47
28923;-42
28924;-40
28925;-37
28926;-39
28927;-39
28928;-37
28929;-37
28930;-39
28931;-37
28932;-41
28933;-45
28934;-58
28935;-51
28936;-45
28937;-44
28938;-43
28939;-40
28940;-37
28941;-40
28942;-36
28943;-36
28944;-48
28945;-47
28946;-55
28947;-52
28948;-54
28949;-46
28950;-43
28951;-51
28952;-57
28953;-48
28954;-47
28955;-53
28956;-56
28957;-55
28958;-50
28959;-48
28960;-46
28961;-45
28962;-46
28963;-48
28964;-68
28965;-47
28966;-43
28967;-41
28968;-37
28969;-38
28970;-37
28971;-36
28972;-38
28973;-37
28974;-36
28975;-37
28976;-43
28977;-43
28978;-39
28979;-38
28980;-37
28981;-38
28982;-45
28983;-45
28984;-43
28985;-48
28986;-37
28987;-39
28988;-42
28989;-41
28990;-48
28991;-46
28992;-44
28993;-47
28994;-55
28995;-59
28996;-46
28997;-43
28998;-41
28999;-41
29000;-42
29001;-43
29002;-45
29003;-42
29004;-42
29005;-42
29006;-44
29007;-51
29008;-47
29009;-43
29010;-44
29011;-49
29012;-45
29013;-43
29014;-37
29015;-41
29016;-43
29017;-41
29018;-43
29019;-43
29020;-43
29021;-47
29022;-49
29023;-46
29024;-45
29025;-51
29026;-52
29027;-51
29028;-37
29029;-38
29030;-35
29031;-33
29032;-36
29033;-40
29034;-47
29035;-43
29036;-43
29037;-48
29038;-46
29039;-51
29040;-50
29041;-61
29042;-50
29043;-48
29044;-48
29045;-51
29046;-46
29047;-54
29048;-53
29049;-57
29050;-51
29051;-44
29052;-49
29053;-48
29054;-44
29055;-48
29056;-42
29057;-42
29058;-45
29059;-47
29060;-40
29061;-39
29062;-42
29063;-46
29064;-49
29065;-47
29066;-45
29067;-45
29068;-48
29069;-50
29070;-44
29071;-48
29072;-40
29073;-43
29074;-45
29075;-39
29076;-39
29077;-41
29078;-42
29079;-45
29080;-55
29081;-47
29082;-43
29083;-43
29084;-40
29085;-40
29086;-40
29087;-39
29088;-39
29089;-41
29090;-41
29091;-47
29092;-64
29093;-42
29094;-37
29095;-37
29096;-37
29097;-37
29098;-39
29099;-35
29100;-35
29101;-42
29102;-44
29103;-37
29104;-37
29105;-37
29106;-37
29107;-37
29108;-37
29109;-37
29110;-39
29111;-45
29112;-48
29113;-41
29114;-44
29115;-40
29116;-43
29117;-49
29118;-53
29119;-42
29120;-45
29121;-43
29122;-47
29123;-46
29124;-46
29125;-49
29126;-67
29127;-57
29128;-48
29129;-45
29130;-42
29131;-42
29132;-41
29133;-41
29134;-42
29135;-47
29136;-55
29137;-49
29138;-40
29139;-36
29140;-35
29141;-35
29142;-35
29143;-39
29144;-42
29145;-36
29146;-35
29147;-36
29148;-37
29149;-39
29150;-45
29151;-54
29152;-51
29153;-46
29154;-43
29155;-42
29156;-44
29157;-42
29158;-48
29159;-41
29160;-47
29161;-42
29162;-48
29163;-49
29164;-45
29165;-55
29166;-46
29167;-41
29168;-38
29169;-40
29170;-47
29171;-43
29172;-42
29173;-40
29174;-43
29175;-43
29176;-47
29177;-49
29178;-47
29179;-46
29180;-46
29181;-47
29182;-48
29183;-51
29184;-45
29185;-37
29186;-49
29187;-37
29188;-37
29189;-41
29190;-43
29191;-53
29192;-50
29193;-46
29194;-46
29195;-45
29196;-43
29197;-45
29198;-44
29199;-43
29200;-39
29201;-39
29202;-36
29203;-34
29204;-34
29205;-37
29206;-43
29207;-51
29208;-49
29209;-43
29210;-42
29211;-42
29212;-44
29213;-49
29214;-51
29215;-49
29216;-48
29217;-51
29218;-48
29219;-63
29220;-50
29221;-45
29222;-44
29223;-45
29224;-49
29225;-51
29226;-47
29227;-45
29228;-40
29229;-39
29230;-49
29231;-41
29232;-40
29233;-48
29234;-57
29235;-51
29236;-49
29237;-51
29238;-56
29239;-52
29240;-49
29241;-43
29242;-37
29243;-41
29244;-41
29245;-46
29246;-43
29247;-42
29248;-43
29249;-44
29250;-44
29251;-48
29252;-58
29253;-55
29254;-46
29255;-41
29256;-40
29257;-40
29258;-40
29259;-41
29260;-41
29261;-43
29262;-41
29263;-40
29264;-43
29265;-49
29266;-41
29267;-37
29268;-35
29269;-35
29270;-35
29271;-37
29272;-39
29273;-36
29274;-36
29275;-37
29276;-37
29277;-37
29278;-38
29279;-39
29280;-40
29281;-43
29282;-54
29283;-45
29284;-40
29285;-49
29286;-43
29287;-37
29288;-38
29289;-39
29290;-43
29291;-49
29292;-43
29293;-48
29294;-59
29295;-60
29296;-45
29297;-40
29298;-40
29299;-43
29300;-43
29301;-43
29302;-43
29303;-44
29304;-43
29305;-42
29306;-42
29307;-49
29308;-49
29309;-42
29310;-40
29311;-42
29312;-50
29313;-66
29314;-49
29315;-48
29316;-43
29317;-39
29318;-48
29319;-52
29320;-51
29321;-49
29322;-47
29323;-47
29324;-49
29325;-48
29326;-43
29327;-53
29328;-44
29329;-40
29330;-38
29331;-39
29332;-37
29333;-35
29334;-36
29335;-37
29336;-47
29337;-49
29338;-43
29339;-41
29340;-40
29341;-45
29342;-47
29343;-49
29344;-49
29345;-48
29346;-54
29347;-51
29348;-51
29349;-45
29350;-43
29351;-43
29352;-44
29353;-45
29354;-43
29355;-43
29356;-37
29357;-41
29358;-40
29359;-37
29360;-43
29361;-44
29362;-42
29363;-43
29364;-47
29365;-50
29366;-52
29367;-63
29368;-51
29369;-43
29370;-45
29371;-43
29372;-47
29373;-43
29374;-47
29375;-43
29376;-39
29377;-40
29378;-42
29379;-47
29380;-66
29381;-49
29382;-42
29383;-39
29384;-37
29385;-38
29386;-39
29387;-40
29388;-41
29389;-41
29390;-42
29391;-43
29392;-54
29393;-54
29394;-50
29395;-43
29396;-45
29397;-42
29398;-44
29399;-36
29400;-33
29401;-41
29402;-36
29403;-33
29404;-35
29405;-37
29406;-39
29407;-43
29408;-45
29409;-48
29410;-48
29411;-55
29412;-45
29413;-39
29414;-46
29415;-42
29416;-37
29417;-37
29418;-42
29419;-49
29420;-49
29421;-46
29422;-51
29423;-52
29424;-53
29425;-47
29426;-42
29427;-40
29428;-39
29429;-40
29430;-41
29431;-40
29432;-39
29433;-38
29434;-40
29435;-46
29436;-66
29437;-46
29438;-45
29439;-45
29440;-43
29441;-50
29442;-37
29443;-34
29444;-40
29445;-44
29446;-43
29447;-47
29448;-48
29449;-44
29450;-43
29451;-45
29452;-50
29453;-49
29454;-43
29455;-43
29456;-37
29457;-54
29458;-39
29459;-47
29460;-45
29461;-41
29462;-40
29463;-42
29464;-41
29465;-43
29466;-55
29467;-45
29468;-42
29469;-40
29470;-39
29471;-42
29472;-45
29473;-49
29474;-50
29475;-51
29476;-66
29477;-58
29478;-45
29479;-43
29480;-43
29481;-43
29482;-43
29483;-45
29484;-44
29485;-37
29486;-49
29487;-35
29488;-39
29489;-43
29490;-43
29491;-47
29492;-50
29493;-47
29494;-45
29495;-43
29496;-43
29497;-46
29498;-45
29499;-55
29500;-45
29501;-47
29502;-37
29503;-40
29504;-38
29505;-40
29506;-39
29507;-40
29508;-42
29509;-54
29510;-44
29511;-44
29512;-43
29513;-42
29514;-43
29515;-42
29516;-42
29517;-40
29518;-40
29519;-41
29520;-43
29521;-45
29522;-56
29523;-44
29524;-39
29525;-40
29526;-39
29527;-41
29528;-55
29529;-35
29530;-36
29531;-49
29532;-40
29533;-39
29534;-45
29535;-53
29536;-60
29537;-53
29538;-49
29539;-49
29540;-55
29541;-46
29542;-41
29543;-43
29544;-43
29545;-38
29546;-36
29547;-43
29548;-54
29549;-47
29550;-45
29551;-47
29552;-49
29553;-54
29554;-50
29555;-43
29556;-39
29557;-39
29558;-40
29559;-41
29560;-42
29561;-42
29562;-43
29563;-39
29564;-39
29565;-44
29566;-50
29567;-41
29568;-38
29569;-40
29570;-40
29571;-35
29572;-34
29573;-41
29574;-37
29575;-34
29576;-37
29577;-43
29578;-55
29579;-55
29580;-48
29581;-44
29582;-45
29583;-49
29584;-55
29585;-50
29586;-39
29587;-40
29588;-42
29589;-45
29590;-43
29591;-48
29592;-51
29593;-44
29594;-49
29595;-50
29596;-41
29597;-39
29598;-43
29599;-48
29600;-52
29601;-50
29602;-49
29603;-49
29604;-45
29605;-45
29606;-46
29607;-49
29608;-46
29609;-45
29610;-43
29611;-42
29612;-41
29613;-41
29614;-43
29615;-39
29616;-45
29617;-39
29618;-46
29619;-48
29620;-47
29621;-49
29622;-52
29623;-61
29624;-56
29625;-49
29626;-50
29627;-49
29628;-49
29629;-51
29630;-45
29631;-42
29632;-38
29633;-42
29634;-39
29635;-39
29636;-40
29637;-48
29638;-41
29639;-40
29640;-44
29641;-46
29642;-45
29643;-45
29644;-47
29645;-49
29646;-48
29647;-47
29648;-47
29649;-45
29650;-46
29651;-46
29652;-49
29653;-45
29654;-45
29655;-45
29656;-48
29657;-50
29658;-53
29659;-49
29660;-43
29661;-51
29662;-56
29663;-51
29664;-45
29665;-43
29666;-43
29667;-43
29668;-44
29669;-47
29670;-52
29671;-47
29672;-42
29673;-36
29674;-51
29675;-41
29676;-56
29677;-45
29678;-43
29679;-45
29680;-49
29681;-64
29682;-52
29683;-45
29684;-41
29685;-39
29686;-41
29687;-41
29688;-42
29689;-43
29690;-44
29691;-43
29692;-41
29693;-39
29694;-39
29695;-45
29696;-49
29697;-43
29698;-39
29699;-38
29700;-37
29701;-35
29702;-42
29703;-38
29704;-33
29705;-35
29706;-39
29707;-43
29708;-47
29709;-53
29710;-59
29711;-47
29712;-44
29713;-50
29714;-48
29715;-43
29716;-39
29717;-41
29718;-43
29719;-48
29720;-41
29721;-42
29722;-48
29723;-52
29724;-63
29725;-52
29726;-43
29727;-42
29728;-43
29729;-42
29730;-46
29731;-58
29732;-56
29733;-49
29734;-43
29735;-41
29736;-39
29737;-42
29738;-47
29739;-49
29740;-45
29741;-43
29742;-46
29743;-46
29744;-43
29745;-42
29746;-48
29747;-39
29748;-45
29749;-53
29750;-49
29751;-55
29752;-55
29753;-50
29754;-51
29755;-56
29756;-57
29757;-48
29758;-43
29759;-48
29760;-44
29761;-41
29762;-40
29763;-39
29764;-39
29765;-41
29766;-39
29767;-44
29768;-51
29769;-42
29770;-42
29771;-41
29772;-41
29773;-42
29774;-42
29775;-43
29776;-43
29777;-47
29778;-47
29779;-49
29780;-47
29781;-46
29782;-46
29783;-49
29784;-49
29785;-43
29786;-44
29787;-44
29788;-42
29789;-51
29790;-40
29791;-41
29792;-51
29793;-49
29794;-45
29795;-45
29796;-47
29797;-52
29798;-54
29799;-45
29800;-45
29801;-41
29802;-39
29803;-45
29804;-43
29805;-42
29806;-43
29807;-46
29808;-50
29809;-50
29810;-55
29811;-52
29812;-50
29813;-43
29814;-40
29815;-40
29816;-40
29817;-41
29818;-41
29819;-41
29820;-39
29821;-39
29822;-40
29823;-42
29824;-53
29825;-49
29826;-43
29827;-43
29828;-42
29829;-43
29830;-37
29831;-33
29832;-40
29833;-36
29834;-33
29835;-36
29836;-40
29837;-47
29838;-52
29839;-58
29840;-54
29841;-47
29842;-47
29843;-55
29844;-44
29845;-42
29846;-39
29847;-51
29848;-37
29849;-62
29850;-48
29851;-41
29852;-45
29853;-55
29854;-60
29855;-48
29856;-41
29857;-40
29858;-41
29859;-44
29860;-46
29861;-49
29862;-54
29863;-55
29864;-46
29865;-41
29866;-40
29867;-43
29868;-49
29869;-48
29870;-42
29871;-41
29872;-49
29873;-55
29874;-46
29875;-41
29876;-44
29877;-48
29878;-49
29879;-44
29880;-43
29881;-45
29882;-49
29883;-59
29884;-55
29885;-47
29886;-45
29887;-43
29888;-41
29889;-45
29890;-48
29891;-42
29892;-46
29893;-38
29894;-39
29895;-43
29896;-43
29897;-51
29898;-40
29899;-41
29900;-43
29901;-44
29902;-44
29903;-47
29904;-49
29905;-52
29906;-49
29907;-49
29908;-49
29909;-45
29910;-46
29911;-45
29912;-45
29913;-47
29914;-47
29915;-49
29916;-46
29917;-41
29918;-47
29919;-42
29920;-39
29921;-54
29922;-47
29923;-44
29924;-46
29925;-49
29926;-55
29927;-69
29928;-51
29929;-44
29930;-43
29931;-39
29932;-42
29933;-41
29934;-47
29935;-41
29936;-49
29937;-49
29938;-46
29939;-50
29940;-54
29941;-57
29942;-43
29943;-41
29944;-40
29945;-43
29946;-44
29947;-46
29948;-48
29949;-49
29950;-46
29951;-45
29952;-43
29953;-43
29954;-45
29955;-53
29956;-48
29957;-43
29958;-44
29959;-44
29960;-34
29961;-34
29962;-42
29963;-36
29964;-35
29965;-37
29966;-43
29967;-48
29968;-52
29969;-56
29970;-52
29971;-49
29972;-54
29973;-48
29974;-42
29975;-43
29976;-46
29977;-39
29978;-38
29979;-52
29980;-42
29981;-43
29982;-48
29983;-55
29984;-51
29985;-44
29986;-39
29987;-40
29988;-42
29989;-43
29990;-45
29991;-47
29992;-49
29993;-47
29994;-45
29995;-41
29996;-43
29997;-44
29998;-56
29999;-47
30000;-43
30001;-39
30002;-45
30003;-45
30004;-38
30005;-41
30006;-50
30007;-52
30008;-47
30009;-45
30010;-43
30011;-43
30012;-46
30013;-54
30014;-49
30015;-42
30016;-42
30017;-38
30018;-53
30019;-40
30020;-45
30021;-47
30022;-41
30023;-39
30024;-41
30025;-45
30026;-49
30027;-51
30028;-41
30029;-42
30030;-42
30031;-43
30032;-41
30033;-42
30034;-43
30035;-43
30036;-44
30037;-47
30038;-45
30039;-48
30040;-45
30041;-46
30042;-49
30043;-50
30044;-43
30045;-44
30046;-43
30047;-38
30048;-48
30049;-39
30050;-43
30051;-53
30052;-53
30053;-52
30054;-57
30055;-52
30056;-49
30057;-45
30058;-45
30059;-43
30060;-38
30061;-53
30062;-39
30063;-49
30064;-43
30065;-48
30066;-43
30067;-43
30068;-43
30069;-49
30070;-70
30071;-45
30072;-41
30073;-38
30074;-39
30075;-39
30076;-42
30077;-45
30078;-46
30079;-43
30080;-43
30081;-43
30082;-53
30083;-54
30084;-49
30085;-46
30086;-44
30087;-41
30088;-49
30089;-37
30090;-33
30091;-41
30092;-36
30093;-35
30094;-37
30095;-43
30096;-50
30097;-63
30098;-54
30099;-47
30100;-45
30101;-46
30102;-55
30103;-41
30104;-39
30105;-41
30106;-43
30107;-37
30108;-50
30109;-45
30110;-43
30111;-45
30112;-51
30113;-57
30114;-48
30115;-43
30116;-42
30117;-40
30118;-41
30119;-42
30120;-41
30121;-41
30122;-39
30123;-39
30124;-41
30125;-43
30126;-49
30127;-52
30128;-48
30129;-44
30130;-45
30131;-49
30132;-35
30133;-34
30134;-43
30135;-40
30136;-39
30137;-45
30138;-52
30139;-45
30140;-43
30141;-44
30142;-45
30143;-49
30144;-49
30145;-44
30146;-40
30147;-39
30148;-41
30149;-46
30150;-41
30151;-53
30152;-43
30153;-41
30154;-45
30155;-48
30156;-47
30157;-39
30158;-37
30159;-41
